2025-Jun-11 13:06:10 [background-preinit] INFO  o.h.v.i.u.Version                                  - HV000001: Hibernate Validator 8.0.2.Final
2025-Jun-11 13:06:10 [main] INFO  c.h.b.BookstoreApplicationTests                    - Starting BookstoreApplicationTests using Java 21.0.4 with PID 21860 (started by abishekprabhu.kannan in C:\Users\abishekprabhu.kannan\Downloads\Java_Projects\bookstore-test\bookstore)
2025-Jun-11 13:06:10 [main] INFO  c.h.b.BookstoreApplicationTests                    - No active profile set, falling back to 1 default profile: "default"
2025-Jun-11 13:06:13 [main] INFO  o.s.d.r.c.RepositoryConfigurationDelegate          - Bootstrapping Spring Data JPA repositories in DEFAULT mode.
2025-Jun-11 13:06:13 [main] INFO  o.s.d.r.c.RepositoryConfigurationDelegate          - Finished Spring Data repository scanning in 299 ms. Found 5 JPA repository interfaces.
2025-Jun-11 13:06:15 [main] INFO  o.h.j.i.u.LogHelper                                - HHH000204: Processing PersistenceUnitInfo [name: default]
2025-Jun-11 13:06:15 [main] INFO  o.h.Version                                        - HHH000412: Hibernate ORM core version 6.6.15.Final
2025-Jun-11 13:06:15 [main] INFO  o.h.c.i.RegionFactoryInitiator                     - HHH000026: Second-level cache disabled
2025-Jun-11 13:06:16 [main] INFO  o.s.o.j.p.SpringPersistenceUnitInfo                - No LoadTimeWeaver setup: ignoring JPA class transformer
2025-Jun-11 13:06:16 [main] INFO  c.z.h.HikariDataSource                             - HikariPool-1 - Starting...
2025-Jun-11 13:06:17 [main] INFO  c.z.h.p.HikariPool                                 - HikariPool-1 - Added connection org.postgresql.jdbc.PgConnection@7aa45a14
2025-Jun-11 13:06:17 [main] INFO  c.z.h.HikariDataSource                             - HikariPool-1 - Start completed.
2025-Jun-11 13:06:17 [main] INFO  o.h.o.c.pooling                                    - HHH10001005: Database info:
	Database JDBC URL [Connecting through datasource 'HikariDataSource (HikariPool-1)']
	Database driver: undefined/unknown
	Database version: 16.4
	Autocommit mode: undefined/unknown
	Isolation level: undefined/unknown
	Minimum pool size: undefined/unknown
	Maximum pool size: undefined/unknown
2025-Jun-11 13:06:20 [main] INFO  o.h.e.t.j.p.i.JtaPlatformInitiator                 - HHH000489: No JTA platform available (set 'hibernate.transaction.jta.platform' to enable JTA platform integration)
2025-Jun-11 13:06:20 [main] INFO  o.s.o.j.LocalContainerEntityManagerFactoryBean     - Initialized JPA EntityManagerFactory for persistence unit 'default'
2025-Jun-11 13:06:21 [main] DEBUG o.s.c.e.PropertySourcesPropertyResolver            - Found key 'JWT_SECRET_KEY' in PropertySource 'environmentProperties' with value of type String
2025-Jun-11 13:06:21 [main] INFO  o.s.s.c.a.a.c.InitializeAuthenticationProviderBeanManagerConfigurer$InitializeAuthenticationProviderManagerConfigurer - Global AuthenticationManager configured with AuthenticationProvider bean with name authenticationProvider
2025-Jun-11 13:06:21 [main] WARN  o.s.s.c.a.a.c.InitializeUserDetailsBeanManagerConfigurer$InitializeUserDetailsManagerConfigurer - Global AuthenticationManager configured with an AuthenticationProvider bean. UserDetailsService beans will not be used by Spring Security for automatically configuring username/password login. Consider removing the AuthenticationProvider bean. Alternatively, consider using the UserDetailsService in a manually instantiated DaoAuthenticationProvider. If the current configuration is intentional, to turn off this warning, increase the logging level of 'org.springframework.security.config.annotation.authentication.configuration.InitializeUserDetailsBeanManagerConfigurer' to ERROR
2025-Jun-11 13:06:21 [main] WARN  o.s.b.a.o.j.JpaBaseConfiguration$JpaWebConfiguration - spring.jpa.open-in-view is enabled by default. Therefore, database queries may be performed during view rendering. Explicitly configure spring.jpa.open-in-view to disable this warning
2025-Jun-11 13:06:23 [main] INFO  c.h.b.BookstoreApplicationTests                    - Started BookstoreApplicationTests in 13.928 seconds (process running for 18.241)
2025-Jun-11 13:06:24 [main] INFO  o.s.t.c.s.AnnotationConfigContextLoaderUtils       - Could not detect default configuration classes for test class [com.hcltech.bookstore.controller.AuthenticationControllerTest]: AuthenticationControllerTest does not declare any static, non-private, non-final, nested classes annotated with @Configuration.
2025-Jun-11 13:06:24 [main] INFO  o.s.b.t.c.SpringBootTestContextBootstrapper        - Found @SpringBootConfiguration com.hcltech.bookstore.BookstoreApplication for test class com.hcltech.bookstore.controller.AuthenticationControllerTest
2025-Jun-11 13:06:24 [main] DEBUG o.s.c.e.PropertySourcesPropertyResolver            - Found key 'spring.application.name' in PropertySource 'configurationProperties' with value of type String
2025-Jun-11 13:06:24 [main] INFO  c.h.b.c.AuthenticationControllerTest               - Starting AuthenticationControllerTest using Java 21.0.4 with PID 21860 (started by abishekprabhu.kannan in C:\Users\abishekprabhu.kannan\Downloads\Java_Projects\bookstore-test\bookstore)
2025-Jun-11 13:06:24 [main] INFO  c.h.b.c.AuthenticationControllerTest               - No active profile set, falling back to 1 default profile: "default"
2025-Jun-11 13:06:25 [main] INFO  o.s.d.r.c.RepositoryConfigurationDelegate          - Bootstrapping Spring Data JPA repositories in DEFAULT mode.
2025-Jun-11 13:06:25 [main] INFO  o.s.d.r.c.RepositoryConfigurationDelegate          - Finished Spring Data repository scanning in 159 ms. Found 5 JPA repository interfaces.
2025-Jun-11 13:06:25 [main] INFO  o.h.j.i.u.LogHelper                                - HHH000204: Processing PersistenceUnitInfo [name: default]
2025-Jun-11 13:06:25 [main] INFO  o.h.c.i.RegionFactoryInitiator                     - HHH000026: Second-level cache disabled
2025-Jun-11 13:06:26 [main] INFO  o.s.o.j.p.SpringPersistenceUnitInfo                - No LoadTimeWeaver setup: ignoring JPA class transformer
2025-Jun-11 13:06:26 [main] INFO  c.z.h.HikariDataSource                             - HikariPool-2 - Starting...
2025-Jun-11 13:06:26 [main] INFO  c.z.h.p.HikariPool                                 - HikariPool-2 - Added connection org.postgresql.jdbc.PgConnection@5df5e4c7
2025-Jun-11 13:06:26 [main] INFO  c.z.h.HikariDataSource                             - HikariPool-2 - Start completed.
2025-Jun-11 13:06:26 [main] INFO  o.h.o.c.pooling                                    - HHH10001005: Database info:
	Database JDBC URL [Connecting through datasource 'HikariDataSource (HikariPool-2)']
	Database driver: undefined/unknown
	Database version: 16.4
	Autocommit mode: undefined/unknown
	Isolation level: undefined/unknown
	Minimum pool size: undefined/unknown
	Maximum pool size: undefined/unknown
2025-Jun-11 13:06:26 [main] INFO  o.h.e.t.j.p.i.JtaPlatformInitiator                 - HHH000489: No JTA platform available (set 'hibernate.transaction.jta.platform' to enable JTA platform integration)
2025-Jun-11 13:06:27 [main] INFO  o.s.o.j.LocalContainerEntityManagerFactoryBean     - Initialized JPA EntityManagerFactory for persistence unit 'default'
2025-Jun-11 13:06:27 [main] DEBUG o.s.c.e.PropertySourcesPropertyResolver            - Found key 'JWT_SECRET_KEY' in PropertySource 'environmentProperties' with value of type String
2025-Jun-11 13:06:27 [main] WARN  o.s.b.a.o.j.JpaBaseConfiguration$JpaWebConfiguration - spring.jpa.open-in-view is enabled by default. Therefore, database queries may be performed during view rendering. Explicitly configure spring.jpa.open-in-view to disable this warning
2025-Jun-11 13:06:27 [main] INFO  o.s.s.c.a.a.c.InitializeAuthenticationProviderBeanManagerConfigurer$InitializeAuthenticationProviderManagerConfigurer - Global AuthenticationManager configured with AuthenticationProvider bean with name authenticationProvider
2025-Jun-11 13:06:27 [main] WARN  o.s.s.c.a.a.c.InitializeUserDetailsBeanManagerConfigurer$InitializeUserDetailsManagerConfigurer - Global AuthenticationManager configured with an AuthenticationProvider bean. UserDetailsService beans will not be used by Spring Security for automatically configuring username/password login. Consider removing the AuthenticationProvider bean. Alternatively, consider using the UserDetailsService in a manually instantiated DaoAuthenticationProvider. If the current configuration is intentional, to turn off this warning, increase the logging level of 'org.springframework.security.config.annotation.authentication.configuration.InitializeUserDetailsBeanManagerConfigurer' to ERROR
2025-Jun-11 13:06:28 [main] INFO  o.s.b.t.m.w.SpringBootMockServletContext           - Initializing Spring TestDispatcherServlet ''
2025-Jun-11 13:06:28 [main] INFO  o.s.t.w.s.TestDispatcherServlet                    - Initializing Servlet ''
2025-Jun-11 13:06:28 [main] INFO  o.s.t.w.s.TestDispatcherServlet                    - Completed initialization in 3 ms
2025-Jun-11 13:06:28 [main] INFO  c.h.b.c.AuthenticationControllerTest               - Started AuthenticationControllerTest in 3.837 seconds (process running for 23.248)
2025-Jun-11 13:06:29 [main] DEBUG o.s.c.e.PropertySourcesPropertyResolver            - Found key 'spring.application.name' in PropertySource 'configurationProperties' with value of type String
2025-Jun-11 13:06:29 [main] INFO  c.h.b.c.AuthorControllerTest                       - Starting AuthorControllerTest using Java 21.0.4 with PID 21860 (started by abishekprabhu.kannan in C:\Users\abishekprabhu.kannan\Downloads\Java_Projects\bookstore-test\bookstore)
2025-Jun-11 13:06:29 [main] INFO  c.h.b.c.AuthorControllerTest                       - No active profile set, falling back to 1 default profile: "default"
2025-Jun-11 13:06:30 [main] WARN  o.s.b.a.s.s.UserDetailsServiceAutoConfiguration    - 

Using generated security password: 75f634e8-9972-4d96-b6cd-1e24d64ebd4a

This generated password is for development use only. Your security configuration must be updated before running your application in production.

2025-Jun-11 13:06:30 [main] INFO  o.s.s.c.a.a.c.InitializeUserDetailsBeanManagerConfigurer$InitializeUserDetailsManagerConfigurer - Global AuthenticationManager configured with UserDetailsService bean with name inMemoryUserDetailsManager
2025-Jun-11 13:06:30 [main] INFO  o.s.b.t.m.w.SpringBootMockServletContext           - Initializing Spring TestDispatcherServlet ''
2025-Jun-11 13:06:30 [main] INFO  o.s.t.w.s.TestDispatcherServlet                    - Initializing Servlet ''
2025-Jun-11 13:06:30 [main] INFO  o.s.t.w.s.TestDispatcherServlet                    - Completed initialization in 0 ms
2025-Jun-11 13:06:30 [main] INFO  c.h.b.c.AuthorControllerTest                       - Started AuthorControllerTest in 0.867 seconds (process running for 25.609)
2025-Jun-11 13:06:30 [main] DEBUG o.s.c.e.PropertySourcesPropertyResolver            - Found key 'spring.application.name' in PropertySource 'configurationProperties' with value of type String
2025-Jun-11 13:06:30 [main] INFO  c.h.b.c.BookControllerTest                         - Starting BookControllerTest using Java 21.0.4 with PID 21860 (started by abishekprabhu.kannan in C:\Users\abishekprabhu.kannan\Downloads\Java_Projects\bookstore-test\bookstore)
2025-Jun-11 13:06:30 [main] INFO  c.h.b.c.BookControllerTest                         - No active profile set, falling back to 1 default profile: "default"
2025-Jun-11 13:06:31 [main] WARN  o.s.b.a.s.s.UserDetailsServiceAutoConfiguration    - 

Using generated security password: 75f4eb22-903f-4c3e-925d-353269ee2e18

This generated password is for development use only. Your security configuration must be updated before running your application in production.

2025-Jun-11 13:06:31 [main] INFO  o.s.s.c.a.a.c.InitializeUserDetailsBeanManagerConfigurer$InitializeUserDetailsManagerConfigurer - Global AuthenticationManager configured with UserDetailsService bean with name inMemoryUserDetailsManager
2025-Jun-11 13:06:31 [main] INFO  o.s.b.t.m.w.SpringBootMockServletContext           - Initializing Spring TestDispatcherServlet ''
2025-Jun-11 13:06:31 [main] INFO  o.s.t.w.s.TestDispatcherServlet                    - Initializing Servlet ''
2025-Jun-11 13:06:31 [main] INFO  o.s.t.w.s.TestDispatcherServlet                    - Completed initialization in 1 ms
2025-Jun-11 13:06:31 [main] INFO  c.h.b.c.BookControllerTest                         - Started BookControllerTest in 0.533 seconds (process running for 26.378)
2025-Jun-11 13:06:31 [main] DEBUG o.s.c.e.PropertySourcesPropertyResolver            - Found key 'spring.application.name' in PropertySource 'configurationProperties' with value of type String
2025-Jun-11 13:06:31 [main] INFO  c.h.b.c.PurchasedBookControllerTest                - Starting PurchasedBookControllerTest using Java 21.0.4 with PID 21860 (started by abishekprabhu.kannan in C:\Users\abishekprabhu.kannan\Downloads\Java_Projects\bookstore-test\bookstore)
2025-Jun-11 13:06:31 [main] INFO  c.h.b.c.PurchasedBookControllerTest                - No active profile set, falling back to 1 default profile: "default"
2025-Jun-11 13:06:32 [main] WARN  o.s.b.a.s.s.UserDetailsServiceAutoConfiguration    - 

Using generated security password: 707f642e-94a1-4966-963f-fe41dfb362d5

This generated password is for development use only. Your security configuration must be updated before running your application in production.

2025-Jun-11 13:06:32 [main] INFO  o.s.s.c.a.a.c.InitializeUserDetailsBeanManagerConfigurer$InitializeUserDetailsManagerConfigurer - Global AuthenticationManager configured with UserDetailsService bean with name inMemoryUserDetailsManager
2025-Jun-11 13:06:32 [main] INFO  o.s.b.t.m.w.SpringBootMockServletContext           - Initializing Spring TestDispatcherServlet ''
2025-Jun-11 13:06:32 [main] INFO  o.s.t.w.s.TestDispatcherServlet                    - Initializing Servlet ''
2025-Jun-11 13:06:32 [main] INFO  o.s.t.w.s.TestDispatcherServlet                    - Completed initialization in 0 ms
2025-Jun-11 13:06:32 [main] INFO  c.h.b.c.PurchasedBookControllerTest                - Started PurchasedBookControllerTest in 0.522 seconds (process running for 27.263)
2025-Jun-11 13:06:35 [main] INFO  c.h.b.s.A.AuthenticationServiceImpl                - Attempting login for username: AuthenticationRequestDto(username=user, password=pass)
2025-Jun-11 13:06:35 [main] INFO  c.h.b.s.A.AuthenticationServiceImpl                - Login successful for user: userROLE : [ROLE_USER]
2025-Jun-11 13:06:35 [main] INFO  c.h.b.s.A.AuthenticationServiceImpl                - Attempting to register new customer with username: customer
2025-Jun-11 13:06:35 [main] INFO  c.h.b.s.A.AuthenticationServiceImpl                - Customer registered successfully: Customer(name=null, purchasedBooks=null)
2025-Jun-11 13:06:35 [main] INFO  c.h.b.s.A.AuthenticationServiceImpl                - Customer response DTO created: CustomerResponseDTO(username=customer, name=null, roles=null)
2025-Jun-11 13:06:35 [main] INFO  c.h.b.s.A.AuthenticationServiceImpl                - Attempting login for username: AuthenticationRequestDto(username=user, password=wrong)
2025-Jun-11 13:06:35 [main] ERROR c.h.b.s.A.AuthenticationServiceImpl                - Authentication failed for user: user
java.lang.RuntimeException: Bad credentials
	at com.hcltech.bookstore.service.authentication.AuthenticationServiceImpl.login(AuthenticationServiceImpl.java:68) ~[classes/:?]
	at com.hcltech.bookstore.service.authentication.AuthenticationServiceImplTest.lambda$testLoginFailure$0(AuthenticationServiceTest.java:138) ~[test-classes/:?]
	at org.junit.jupiter.api.AssertThrows.assertThrows(AssertThrows.java:53) ~[junit-jupiter-api-5.12.2.jar:5.12.2]
	at org.junit.jupiter.api.AssertThrows.assertThrows(AssertThrows.java:35) ~[junit-jupiter-api-5.12.2.jar:5.12.2]
	at org.junit.jupiter.api.Assertions.assertThrows(Assertions.java:3128) ~[junit-jupiter-api-5.12.2.jar:5.12.2]
	at com.hcltech.bookstore.service.authentication.AuthenticationServiceImplTest.testLoginFailure(AuthenticationServiceTest.java:138) ~[test-classes/:?]
	at java.base/jdk.internal.reflect.DirectMethodHandleAccessor.invoke(DirectMethodHandleAccessor.java:103) ~[?:?]
	at java.base/java.lang.reflect.Method.invoke(Method.java:580) ~[?:?]
	at org.junit.platform.commons.util.ReflectionUtils.invokeMethod(ReflectionUtils.java:775) ~[junit-platform-commons-1.12.2.jar:1.12.2]
	at org.junit.platform.commons.support.ReflectionSupport.invokeMethod(ReflectionSupport.java:479) ~[junit-platform-commons-1.12.2.jar:1.12.2]
	at org.junit.jupiter.engine.execution.MethodInvocation.proceed(MethodInvocation.java:60) ~[junit-jupiter-engine-5.12.2.jar:5.12.2]
	at org.junit.jupiter.engine.execution.InvocationInterceptorChain$ValidatingInvocation.proceed(InvocationInterceptorChain.java:131) ~[junit-jupiter-engine-5.12.2.jar:5.12.2]
	at org.junit.jupiter.engine.extension.TimeoutExtension.intercept(TimeoutExtension.java:161) ~[junit-jupiter-engine-5.12.2.jar:5.12.2]
	at org.junit.jupiter.engine.extension.TimeoutExtension.interceptTestableMethod(TimeoutExtension.java:152) ~[junit-jupiter-engine-5.12.2.jar:5.12.2]
	at org.junit.jupiter.engine.extension.TimeoutExtension.interceptTestMethod(TimeoutExtension.java:91) ~[junit-jupiter-engine-5.12.2.jar:5.12.2]
	at org.junit.jupiter.engine.execution.InterceptingExecutableInvoker$ReflectiveInterceptorCall.lambda$ofVoidMethod$0(InterceptingExecutableInvoker.java:112) ~[junit-jupiter-engine-5.12.2.jar:5.12.2]
	at org.junit.jupiter.engine.execution.InterceptingExecutableInvoker.lambda$invoke$0(InterceptingExecutableInvoker.java:94) ~[junit-jupiter-engine-5.12.2.jar:5.12.2]
	at org.junit.jupiter.engine.execution.InvocationInterceptorChain$InterceptedInvocation.proceed(InvocationInterceptorChain.java:106) ~[junit-jupiter-engine-5.12.2.jar:5.12.2]
	at org.junit.jupiter.engine.execution.InvocationInterceptorChain.proceed(InvocationInterceptorChain.java:64) ~[junit-jupiter-engine-5.12.2.jar:5.12.2]
	at org.junit.jupiter.engine.execution.InvocationInterceptorChain.chainAndInvoke(InvocationInterceptorChain.java:45) ~[junit-jupiter-engine-5.12.2.jar:5.12.2]
	at org.junit.jupiter.engine.execution.InvocationInterceptorChain.invoke(InvocationInterceptorChain.java:37) ~[junit-jupiter-engine-5.12.2.jar:5.12.2]
	at org.junit.jupiter.engine.execution.InterceptingExecutableInvoker.invoke(InterceptingExecutableInvoker.java:93) ~[junit-jupiter-engine-5.12.2.jar:5.12.2]
	at org.junit.jupiter.engine.execution.InterceptingExecutableInvoker.invoke(InterceptingExecutableInvoker.java:87) ~[junit-jupiter-engine-5.12.2.jar:5.12.2]
	at org.junit.jupiter.engine.descriptor.TestMethodTestDescriptor.lambda$invokeTestMethod$7(TestMethodTestDescriptor.java:216) ~[junit-jupiter-engine-5.12.2.jar:5.12.2]
	at org.junit.platform.engine.support.hierarchical.ThrowableCollector.execute(ThrowableCollector.java:73) ~[junit-platform-engine-1.12.2.jar:1.12.2]
	at org.junit.jupiter.engine.descriptor.TestMethodTestDescriptor.invokeTestMethod(TestMethodTestDescriptor.java:212) ~[junit-jupiter-engine-5.12.2.jar:5.12.2]
	at org.junit.jupiter.engine.descriptor.TestMethodTestDescriptor.execute(TestMethodTestDescriptor.java:137) ~[junit-jupiter-engine-5.12.2.jar:5.12.2]
	at org.junit.jupiter.engine.descriptor.TestMethodTestDescriptor.execute(TestMethodTestDescriptor.java:69) ~[junit-jupiter-engine-5.12.2.jar:5.12.2]
	at org.junit.platform.engine.support.hierarchical.NodeTestTask.lambda$executeRecursively$6(NodeTestTask.java:156) ~[junit-platform-engine-1.12.2.jar:1.12.2]
	at org.junit.platform.engine.support.hierarchical.ThrowableCollector.execute(ThrowableCollector.java:73) ~[junit-platform-engine-1.12.2.jar:1.12.2]
	at org.junit.platform.engine.support.hierarchical.NodeTestTask.lambda$executeRecursively$8(NodeTestTask.java:146) ~[junit-platform-engine-1.12.2.jar:1.12.2]
	at org.junit.platform.engine.support.hierarchical.Node.around(Node.java:137) ~[junit-platform-engine-1.12.2.jar:1.12.2]
	at org.junit.platform.engine.support.hierarchical.NodeTestTask.lambda$executeRecursively$9(NodeTestTask.java:144) ~[junit-platform-engine-1.12.2.jar:1.12.2]
	at org.junit.platform.engine.support.hierarchical.ThrowableCollector.execute(ThrowableCollector.java:73) ~[junit-platform-engine-1.12.2.jar:1.12.2]
	at org.junit.platform.engine.support.hierarchical.NodeTestTask.executeRecursively(NodeTestTask.java:143) ~[junit-platform-engine-1.12.2.jar:1.12.2]
	at org.junit.platform.engine.support.hierarchical.NodeTestTask.execute(NodeTestTask.java:100) ~[junit-platform-engine-1.12.2.jar:1.12.2]
	at java.base/java.util.ArrayList.forEach(ArrayList.java:1596) ~[?:?]
	at org.junit.platform.engine.support.hierarchical.SameThreadHierarchicalTestExecutorService.invokeAll(SameThreadHierarchicalTestExecutorService.java:41) ~[junit-platform-engine-1.12.2.jar:1.12.2]
	at org.junit.platform.engine.support.hierarchical.NodeTestTask.lambda$executeRecursively$6(NodeTestTask.java:160) ~[junit-platform-engine-1.12.2.jar:1.12.2]
	at org.junit.platform.engine.support.hierarchical.ThrowableCollector.execute(ThrowableCollector.java:73) ~[junit-platform-engine-1.12.2.jar:1.12.2]
	at org.junit.platform.engine.support.hierarchical.NodeTestTask.lambda$executeRecursively$8(NodeTestTask.java:146) ~[junit-platform-engine-1.12.2.jar:1.12.2]
	at org.junit.platform.engine.support.hierarchical.Node.around(Node.java:137) ~[junit-platform-engine-1.12.2.jar:1.12.2]
	at org.junit.platform.engine.support.hierarchical.NodeTestTask.lambda$executeRecursively$9(NodeTestTask.java:144) ~[junit-platform-engine-1.12.2.jar:1.12.2]
	at org.junit.platform.engine.support.hierarchical.ThrowableCollector.execute(ThrowableCollector.java:73) ~[junit-platform-engine-1.12.2.jar:1.12.2]
	at org.junit.platform.engine.support.hierarchical.NodeTestTask.executeRecursively(NodeTestTask.java:143) ~[junit-platform-engine-1.12.2.jar:1.12.2]
	at org.junit.platform.engine.support.hierarchical.NodeTestTask.execute(NodeTestTask.java:100) ~[junit-platform-engine-1.12.2.jar:1.12.2]
	at java.base/java.util.ArrayList.forEach(ArrayList.java:1596) ~[?:?]
	at org.junit.platform.engine.support.hierarchical.SameThreadHierarchicalTestExecutorService.invokeAll(SameThreadHierarchicalTestExecutorService.java:41) ~[junit-platform-engine-1.12.2.jar:1.12.2]
	at org.junit.platform.engine.support.hierarchical.NodeTestTask.lambda$executeRecursively$6(NodeTestTask.java:160) ~[junit-platform-engine-1.12.2.jar:1.12.2]
	at org.junit.platform.engine.support.hierarchical.ThrowableCollector.execute(ThrowableCollector.java:73) ~[junit-platform-engine-1.12.2.jar:1.12.2]
	at org.junit.platform.engine.support.hierarchical.NodeTestTask.lambda$executeRecursively$8(NodeTestTask.java:146) ~[junit-platform-engine-1.12.2.jar:1.12.2]
	at org.junit.platform.engine.support.hierarchical.Node.around(Node.java:137) ~[junit-platform-engine-1.12.2.jar:1.12.2]
	at org.junit.platform.engine.support.hierarchical.NodeTestTask.lambda$executeRecursively$9(NodeTestTask.java:144) ~[junit-platform-engine-1.12.2.jar:1.12.2]
	at org.junit.platform.engine.support.hierarchical.ThrowableCollector.execute(ThrowableCollector.java:73) ~[junit-platform-engine-1.12.2.jar:1.12.2]
	at org.junit.platform.engine.support.hierarchical.NodeTestTask.executeRecursively(NodeTestTask.java:143) ~[junit-platform-engine-1.12.2.jar:1.12.2]
	at org.junit.platform.engine.support.hierarchical.NodeTestTask.execute(NodeTestTask.java:100) ~[junit-platform-engine-1.12.2.jar:1.12.2]
	at org.junit.platform.engine.support.hierarchical.SameThreadHierarchicalTestExecutorService.submit(SameThreadHierarchicalTestExecutorService.java:35) ~[junit-platform-engine-1.12.2.jar:1.12.2]
	at org.junit.platform.engine.support.hierarchical.HierarchicalTestExecutor.execute(HierarchicalTestExecutor.java:57) ~[junit-platform-engine-1.12.2.jar:1.12.2]
	at org.junit.platform.engine.support.hierarchical.HierarchicalTestEngine.execute(HierarchicalTestEngine.java:54) ~[junit-platform-engine-1.12.2.jar:1.12.2]
	at org.junit.platform.launcher.core.EngineExecutionOrchestrator.execute(EngineExecutionOrchestrator.java:201) ~[junit-platform-launcher-1.12.2.jar:1.12.2]
	at org.junit.platform.launcher.core.EngineExecutionOrchestrator.execute(EngineExecutionOrchestrator.java:170) ~[junit-platform-launcher-1.12.2.jar:1.12.2]
	at org.junit.platform.launcher.core.EngineExecutionOrchestrator.execute(EngineExecutionOrchestrator.java:94) ~[junit-platform-launcher-1.12.2.jar:1.12.2]
	at org.junit.platform.launcher.core.EngineExecutionOrchestrator.lambda$execute$0(EngineExecutionOrchestrator.java:59) ~[junit-platform-launcher-1.12.2.jar:1.12.2]
	at org.junit.platform.launcher.core.EngineExecutionOrchestrator.withInterceptedStreams(EngineExecutionOrchestrator.java:142) ~[junit-platform-launcher-1.12.2.jar:1.12.2]
	at org.junit.platform.launcher.core.EngineExecutionOrchestrator.execute(EngineExecutionOrchestrator.java:58) ~[junit-platform-launcher-1.12.2.jar:1.12.2]
	at org.junit.platform.launcher.core.DefaultLauncher.execute(DefaultLauncher.java:103) ~[junit-platform-launcher-1.12.2.jar:1.12.2]
	at org.junit.platform.launcher.core.DefaultLauncher.execute(DefaultLauncher.java:85) ~[junit-platform-launcher-1.12.2.jar:1.12.2]
	at org.junit.platform.launcher.core.DelegatingLauncher.execute(DelegatingLauncher.java:47) ~[junit-platform-launcher-1.12.2.jar:1.12.2]
	at org.junit.platform.launcher.core.InterceptingLauncher.lambda$execute$1(InterceptingLauncher.java:39) ~[junit-platform-launcher-1.12.2.jar:1.12.2]
	at org.junit.platform.launcher.core.ClasspathAlignmentCheckingLauncherInterceptor.intercept(ClasspathAlignmentCheckingLauncherInterceptor.java:25) [junit-platform-launcher-1.12.2.jar:1.12.2]
	at org.junit.platform.launcher.core.InterceptingLauncher.execute(InterceptingLauncher.java:38) [junit-platform-launcher-1.12.2.jar:1.12.2]
	at org.junit.platform.launcher.core.DelegatingLauncher.execute(DelegatingLauncher.java:47) [junit-platform-launcher-1.12.2.jar:1.12.2]
	at org.apache.maven.surefire.junitplatform.LazyLauncher.execute(LazyLauncher.java:56) [surefire-junit-platform-3.1.2.jar:3.1.2]
	at org.apache.maven.surefire.junitplatform.JUnitPlatformProvider.execute(JUnitPlatformProvider.java:184) [surefire-junit-platform-3.1.2.jar:3.1.2]
	at org.apache.maven.surefire.junitplatform.JUnitPlatformProvider.invokeAllTests(JUnitPlatformProvider.java:148) [surefire-junit-platform-3.1.2.jar:3.1.2]
	at org.apache.maven.surefire.junitplatform.JUnitPlatformProvider.invoke(JUnitPlatformProvider.java:122) [surefire-junit-platform-3.1.2.jar:3.1.2]
	at org.apache.maven.surefire.booter.ForkedBooter.runSuitesInProcess(ForkedBooter.java:385) [surefire-booter-3.1.2.jar:3.1.2]
	at org.apache.maven.surefire.booter.ForkedBooter.execute(ForkedBooter.java:162) [surefire-booter-3.1.2.jar:3.1.2]
	at org.apache.maven.surefire.booter.ForkedBooter.run(ForkedBooter.java:507) [surefire-booter-3.1.2.jar:3.1.2]
	at org.apache.maven.surefire.booter.ForkedBooter.main(ForkedBooter.java:495) [surefire-booter-3.1.2.jar:3.1.2]
2025-Jun-11 13:06:35 [main] INFO  c.h.b.s.A.AuthenticationServiceImpl                - Attempting to register new author with username: author
2025-Jun-11 13:06:35 [main] INFO  c.h.b.s.A.AuthenticationServiceImpl                - Author registered successfully: author
2025-Jun-11 13:06:35 [main] INFO  c.h.b.s.b.BookServiceImpl                          - Fetching book with ID: 1
2025-Jun-11 13:06:35 [main] INFO  c.h.b.s.b.BookServiceImpl                          - Fetching all books
2025-Jun-11 13:06:35 [main] INFO  c.h.b.s.b.BookServiceImpl                          - Creating new book with title: Sample Book
2025-Jun-11 13:06:35 [main] INFO  c.h.b.s.b.BookServiceImpl                          - Assigning author with ID: 1 to the book
2025-Jun-11 13:06:35 [main] INFO  c.h.b.s.b.BookServiceImpl                          - Book created successfully with ID: 1
2025-Jun-11 13:06:35 [main] INFO  c.h.b.s.b.BookServiceImpl                          - Fetching book with ID: 99
2025-Jun-11 13:06:35 [main] ERROR c.h.b.s.b.BookServiceImpl                          - Book not found with ID: 99
2025-Jun-11 13:06:36 [SpringApplicationShutdownHook] INFO  o.s.o.j.LocalContainerEntityManagerFactoryBean     - Closing JPA EntityManagerFactory for persistence unit 'default'
2025-Jun-11 13:06:38 [SpringApplicationShutdownHook] INFO  c.z.h.HikariDataSource                             - HikariPool-1 - Shutdown initiated...
2025-Jun-11 13:06:38 [SpringApplicationShutdownHook] INFO  c.z.h.HikariDataSource                             - HikariPool-1 - Shutdown completed.
2025-Jun-11 13:06:38 [SpringApplicationShutdownHook] INFO  o.s.o.j.LocalContainerEntityManagerFactoryBean     - Closing JPA EntityManagerFactory for persistence unit 'default'
2025-Jun-11 13:06:38 [SpringApplicationShutdownHook] INFO  c.z.h.HikariDataSource                             - HikariPool-2 - Shutdown initiated...
2025-Jun-11 13:06:38 [SpringApplicationShutdownHook] INFO  c.z.h.HikariDataSource                             - HikariPool-2 - Shutdown completed.
2025-Jun-11 13:09:51 [background-preinit] INFO  o.h.v.i.u.Version                                  - HV000001: Hibernate Validator 8.0.2.Final
2025-Jun-11 13:09:52 [main] INFO  c.h.b.BookstoreApplication                         - Starting BookstoreApplication using Java 21.0.4 with PID 26120 (C:\Users\abishekprabhu.kannan\Downloads\Java_Projects\bookstore-test\bookstore\target\classes started by abishekprabhu.kannan in C:\Users\abishekprabhu.kannan\Downloads\Java_Projects\bookstore-test\bookstore)
2025-Jun-11 13:09:52 [main] INFO  c.h.b.BookstoreApplication                         - The following 1 profile is active: "dev"
2025-Jun-11 13:09:53 [main] INFO  o.s.d.r.c.RepositoryConfigurationDelegate          - Bootstrapping Spring Data JPA repositories in DEFAULT mode.
2025-Jun-11 13:09:54 [main] INFO  o.s.d.r.c.RepositoryConfigurationDelegate          - Finished Spring Data repository scanning in 213 ms. Found 5 JPA repository interfaces.
2025-Jun-11 13:09:55 [main] INFO  o.s.b.w.e.t.TomcatWebServer                        - Tomcat initialized with port 8080 (http)
2025-Jun-11 13:09:55 [main] INFO  o.a.c.h.Http11NioProtocol                          - Initializing ProtocolHandler ["http-nio-8080"]
2025-Jun-11 13:09:55 [main] INFO  o.a.c.c.StandardService                            - Starting service [Tomcat]
2025-Jun-11 13:09:55 [main] INFO  o.a.c.c.StandardEngine                             - Starting Servlet engine: [Apache Tomcat/10.1.41]
2025-Jun-11 13:09:55 [main] INFO  o.a.c.c.C.[.[.[/]                                  - Initializing Spring embedded WebApplicationContext
2025-Jun-11 13:09:55 [main] INFO  o.s.b.w.s.c.ServletWebServerApplicationContext     - Root WebApplicationContext: initialization completed in 3339 ms
2025-Jun-11 13:09:55 [main] INFO  o.h.j.i.u.LogHelper                                - HHH000204: Processing PersistenceUnitInfo [name: default]
2025-Jun-11 13:09:55 [main] INFO  o.h.Version                                        - HHH000412: Hibernate ORM core version 6.6.15.Final
2025-Jun-11 13:09:55 [main] INFO  o.h.c.i.RegionFactoryInitiator                     - HHH000026: Second-level cache disabled
2025-Jun-11 13:09:56 [main] INFO  o.s.o.j.p.SpringPersistenceUnitInfo                - No LoadTimeWeaver setup: ignoring JPA class transformer
2025-Jun-11 13:09:56 [main] INFO  c.z.h.HikariDataSource                             - HikariPool-1 - Starting...
2025-Jun-11 13:09:57 [main] INFO  c.z.h.p.HikariPool                                 - HikariPool-1 - Added connection org.postgresql.jdbc.PgConnection@1a06602f
2025-Jun-11 13:09:57 [main] INFO  c.z.h.HikariDataSource                             - HikariPool-1 - Start completed.
2025-Jun-11 13:09:57 [main] INFO  o.h.o.c.pooling                                    - HHH10001005: Database info:
	Database JDBC URL [Connecting through datasource 'HikariDataSource (HikariPool-1)']
	Database driver: undefined/unknown
	Database version: 16.4
	Autocommit mode: undefined/unknown
	Isolation level: undefined/unknown
	Minimum pool size: undefined/unknown
	Maximum pool size: undefined/unknown
2025-Jun-11 13:09:59 [main] INFO  o.h.e.t.j.p.i.JtaPlatformInitiator                 - HHH000489: No JTA platform available (set 'hibernate.transaction.jta.platform' to enable JTA platform integration)
2025-Jun-11 13:09:59 [main] INFO  o.s.o.j.LocalContainerEntityManagerFactoryBean     - Initialized JPA EntityManagerFactory for persistence unit 'default'
2025-Jun-11 13:10:00 [main] DEBUG o.s.c.e.PropertySourcesPropertyResolver            - Found key 'JWT_SECRET_KEY' in PropertySource 'environmentProperties' with value of type String
2025-Jun-11 13:10:00 [main] INFO  o.s.s.c.a.a.c.InitializeAuthenticationProviderBeanManagerConfigurer$InitializeAuthenticationProviderManagerConfigurer - Global AuthenticationManager configured with AuthenticationProvider bean with name authenticationProvider
2025-Jun-11 13:10:00 [main] WARN  o.s.s.c.a.a.c.InitializeUserDetailsBeanManagerConfigurer$InitializeUserDetailsManagerConfigurer - Global AuthenticationManager configured with an AuthenticationProvider bean. UserDetailsService beans will not be used by Spring Security for automatically configuring username/password login. Consider removing the AuthenticationProvider bean. Alternatively, consider using the UserDetailsService in a manually instantiated DaoAuthenticationProvider. If the current configuration is intentional, to turn off this warning, increase the logging level of 'org.springframework.security.config.annotation.authentication.configuration.InitializeUserDetailsBeanManagerConfigurer' to ERROR
2025-Jun-11 13:10:00 [main] WARN  o.s.b.a.o.j.JpaBaseConfiguration$JpaWebConfiguration - spring.jpa.open-in-view is enabled by default. Therefore, database queries may be performed during view rendering. Explicitly configure spring.jpa.open-in-view to disable this warning
2025-Jun-11 13:10:01 [main] INFO  o.a.c.h.Http11NioProtocol                          - Starting ProtocolHandler ["http-nio-8080"]
2025-Jun-11 13:10:01 [main] INFO  o.s.b.w.e.t.TomcatWebServer                        - Tomcat started on port 8080 (http) with context path '/'
2025-Jun-11 13:10:01 [main] INFO  c.h.b.BookstoreApplication                         - Started BookstoreApplication in 10.886 seconds (process running for 13.031)
2025-Jun-11 14:02:40 [SpringApplicationShutdownHook] INFO  o.s.b.w.e.t.GracefulShutdown                       - Commencing graceful shutdown. Waiting for active requests to complete
2025-Jun-11 14:02:40 [tomcat-shutdown] INFO  o.s.b.w.e.t.GracefulShutdown                       - Graceful shutdown complete
2025-Jun-11 14:02:40 [SpringApplicationShutdownHook] INFO  o.s.o.j.LocalContainerEntityManagerFactoryBean     - Closing JPA EntityManagerFactory for persistence unit 'default'
2025-Jun-11 14:02:40 [SpringApplicationShutdownHook] INFO  c.z.h.HikariDataSource                             - HikariPool-1 - Shutdown initiated...
2025-Jun-11 14:02:40 [SpringApplicationShutdownHook] INFO  c.z.h.HikariDataSource                             - HikariPool-1 - Shutdown completed.
2025-Jun-11 14:03:19 [background-preinit] INFO  o.h.v.i.u.Version                                  - HV000001: Hibernate Validator 8.0.2.Final
2025-Jun-11 14:03:19 [main] INFO  c.h.b.BookstoreApplicationTests                    - Starting BookstoreApplicationTests using Java 21.0.4 with PID 12216 (started by abishekprabhu.kannan in C:\Users\abishekprabhu.kannan\Downloads\Java_Projects\bookstore-test\bookstore)
2025-Jun-11 14:03:19 [main] INFO  c.h.b.BookstoreApplicationTests                    - No active profile set, falling back to 1 default profile: "default"
2025-Jun-11 14:03:21 [main] INFO  o.s.d.r.c.RepositoryConfigurationDelegate          - Bootstrapping Spring Data JPA repositories in DEFAULT mode.
2025-Jun-11 14:03:21 [main] INFO  o.s.d.r.c.RepositoryConfigurationDelegate          - Finished Spring Data repository scanning in 300 ms. Found 5 JPA repository interfaces.
2025-Jun-11 14:03:23 [main] INFO  o.h.j.i.u.LogHelper                                - HHH000204: Processing PersistenceUnitInfo [name: default]
2025-Jun-11 14:03:23 [main] INFO  o.h.Version                                        - HHH000412: Hibernate ORM core version 6.6.15.Final
2025-Jun-11 14:03:23 [main] INFO  o.h.c.i.RegionFactoryInitiator                     - HHH000026: Second-level cache disabled
2025-Jun-11 14:03:23 [main] INFO  o.s.o.j.p.SpringPersistenceUnitInfo                - No LoadTimeWeaver setup: ignoring JPA class transformer
2025-Jun-11 14:03:23 [main] INFO  c.z.h.HikariDataSource                             - HikariPool-1 - Starting...
2025-Jun-11 14:03:24 [main] INFO  c.z.h.p.HikariPool                                 - HikariPool-1 - Added connection org.postgresql.jdbc.PgConnection@5ba63110
2025-Jun-11 14:03:24 [main] INFO  c.z.h.HikariDataSource                             - HikariPool-1 - Start completed.
2025-Jun-11 14:03:24 [main] INFO  o.h.o.c.pooling                                    - HHH10001005: Database info:
	Database JDBC URL [Connecting through datasource 'HikariDataSource (HikariPool-1)']
	Database driver: undefined/unknown
	Database version: 16.4
	Autocommit mode: undefined/unknown
	Isolation level: undefined/unknown
	Minimum pool size: undefined/unknown
	Maximum pool size: undefined/unknown
2025-Jun-11 14:03:27 [main] INFO  o.h.e.t.j.p.i.JtaPlatformInitiator                 - HHH000489: No JTA platform available (set 'hibernate.transaction.jta.platform' to enable JTA platform integration)
2025-Jun-11 14:03:27 [main] INFO  o.s.o.j.LocalContainerEntityManagerFactoryBean     - Initialized JPA EntityManagerFactory for persistence unit 'default'
2025-Jun-11 14:03:27 [main] DEBUG o.s.c.e.PropertySourcesPropertyResolver            - Found key 'JWT_SECRET_KEY' in PropertySource 'environmentProperties' with value of type String
2025-Jun-11 14:03:28 [main] INFO  o.s.s.c.a.a.c.InitializeAuthenticationProviderBeanManagerConfigurer$InitializeAuthenticationProviderManagerConfigurer - Global AuthenticationManager configured with AuthenticationProvider bean with name authenticationProvider
2025-Jun-11 14:03:28 [main] WARN  o.s.s.c.a.a.c.InitializeUserDetailsBeanManagerConfigurer$InitializeUserDetailsManagerConfigurer - Global AuthenticationManager configured with an AuthenticationProvider bean. UserDetailsService beans will not be used by Spring Security for automatically configuring username/password login. Consider removing the AuthenticationProvider bean. Alternatively, consider using the UserDetailsService in a manually instantiated DaoAuthenticationProvider. If the current configuration is intentional, to turn off this warning, increase the logging level of 'org.springframework.security.config.annotation.authentication.configuration.InitializeUserDetailsBeanManagerConfigurer' to ERROR
2025-Jun-11 14:03:28 [main] WARN  o.s.b.a.o.j.JpaBaseConfiguration$JpaWebConfiguration - spring.jpa.open-in-view is enabled by default. Therefore, database queries may be performed during view rendering. Explicitly configure spring.jpa.open-in-view to disable this warning
2025-Jun-11 14:03:29 [main] INFO  c.h.b.BookstoreApplicationTests                    - Started BookstoreApplicationTests in 10.604 seconds (process running for 14.742)
2025-Jun-11 14:03:31 [main] INFO  o.s.t.c.s.AnnotationConfigContextLoaderUtils       - Could not detect default configuration classes for test class [com.hcltech.bookstore.controller.AuthenticationControllerTest]: AuthenticationControllerTest does not declare any static, non-private, non-final, nested classes annotated with @Configuration.
2025-Jun-11 14:03:32 [main] INFO  o.s.b.t.c.SpringBootTestContextBootstrapper        - Found @SpringBootConfiguration com.hcltech.bookstore.BookstoreApplication for test class com.hcltech.bookstore.controller.AuthenticationControllerTest
2025-Jun-11 14:03:32 [main] DEBUG o.s.c.e.PropertySourcesPropertyResolver            - Found key 'spring.application.name' in PropertySource 'configurationProperties' with value of type String
2025-Jun-11 14:03:32 [main] INFO  c.h.b.c.AuthenticationControllerTest               - Starting AuthenticationControllerTest using Java 21.0.4 with PID 12216 (started by abishekprabhu.kannan in C:\Users\abishekprabhu.kannan\Downloads\Java_Projects\bookstore-test\bookstore)
2025-Jun-11 14:03:32 [main] INFO  c.h.b.c.AuthenticationControllerTest               - No active profile set, falling back to 1 default profile: "default"
2025-Jun-11 14:03:33 [main] INFO  o.s.d.r.c.RepositoryConfigurationDelegate          - Bootstrapping Spring Data JPA repositories in DEFAULT mode.
2025-Jun-11 14:03:33 [main] INFO  o.s.d.r.c.RepositoryConfigurationDelegate          - Finished Spring Data repository scanning in 244 ms. Found 5 JPA repository interfaces.
2025-Jun-11 14:03:34 [main] INFO  o.h.j.i.u.LogHelper                                - HHH000204: Processing PersistenceUnitInfo [name: default]
2025-Jun-11 14:03:34 [main] INFO  o.h.c.i.RegionFactoryInitiator                     - HHH000026: Second-level cache disabled
2025-Jun-11 14:03:34 [main] INFO  o.s.o.j.p.SpringPersistenceUnitInfo                - No LoadTimeWeaver setup: ignoring JPA class transformer
2025-Jun-11 14:03:34 [main] INFO  c.z.h.HikariDataSource                             - HikariPool-2 - Starting...
2025-Jun-11 14:03:34 [main] INFO  c.z.h.p.HikariPool                                 - HikariPool-2 - Added connection org.postgresql.jdbc.PgConnection@7aadd290
2025-Jun-11 14:03:34 [main] INFO  c.z.h.HikariDataSource                             - HikariPool-2 - Start completed.
2025-Jun-11 14:03:34 [main] INFO  o.h.o.c.pooling                                    - HHH10001005: Database info:
	Database JDBC URL [Connecting through datasource 'HikariDataSource (HikariPool-2)']
	Database driver: undefined/unknown
	Database version: 16.4
	Autocommit mode: undefined/unknown
	Isolation level: undefined/unknown
	Minimum pool size: undefined/unknown
	Maximum pool size: undefined/unknown
2025-Jun-11 14:03:34 [main] INFO  o.h.e.t.j.p.i.JtaPlatformInitiator                 - HHH000489: No JTA platform available (set 'hibernate.transaction.jta.platform' to enable JTA platform integration)
2025-Jun-11 14:03:35 [main] INFO  o.s.o.j.LocalContainerEntityManagerFactoryBean     - Initialized JPA EntityManagerFactory for persistence unit 'default'
2025-Jun-11 14:03:35 [main] DEBUG o.s.c.e.PropertySourcesPropertyResolver            - Found key 'JWT_SECRET_KEY' in PropertySource 'environmentProperties' with value of type String
2025-Jun-11 14:03:36 [main] WARN  o.s.b.a.o.j.JpaBaseConfiguration$JpaWebConfiguration - spring.jpa.open-in-view is enabled by default. Therefore, database queries may be performed during view rendering. Explicitly configure spring.jpa.open-in-view to disable this warning
2025-Jun-11 14:03:36 [main] INFO  o.s.s.c.a.a.c.InitializeAuthenticationProviderBeanManagerConfigurer$InitializeAuthenticationProviderManagerConfigurer - Global AuthenticationManager configured with AuthenticationProvider bean with name authenticationProvider
2025-Jun-11 14:03:36 [main] WARN  o.s.s.c.a.a.c.InitializeUserDetailsBeanManagerConfigurer$InitializeUserDetailsManagerConfigurer - Global AuthenticationManager configured with an AuthenticationProvider bean. UserDetailsService beans will not be used by Spring Security for automatically configuring username/password login. Consider removing the AuthenticationProvider bean. Alternatively, consider using the UserDetailsService in a manually instantiated DaoAuthenticationProvider. If the current configuration is intentional, to turn off this warning, increase the logging level of 'org.springframework.security.config.annotation.authentication.configuration.InitializeUserDetailsBeanManagerConfigurer' to ERROR
2025-Jun-11 14:03:36 [main] INFO  o.s.b.t.m.w.SpringBootMockServletContext           - Initializing Spring TestDispatcherServlet ''
2025-Jun-11 14:03:36 [main] INFO  o.s.t.w.s.TestDispatcherServlet                    - Initializing Servlet ''
2025-Jun-11 14:03:36 [main] INFO  o.s.t.w.s.TestDispatcherServlet                    - Completed initialization in 3 ms
2025-Jun-11 14:03:36 [main] INFO  c.h.b.c.AuthenticationControllerTest               - Started AuthenticationControllerTest in 4.777 seconds (process running for 21.831)
2025-Jun-11 14:03:38 [main] DEBUG o.s.c.e.PropertySourcesPropertyResolver            - Found key 'spring.application.name' in PropertySource 'configurationProperties' with value of type String
2025-Jun-11 14:03:38 [main] INFO  c.h.b.c.AuthorControllerTest                       - Starting AuthorControllerTest using Java 21.0.4 with PID 12216 (started by abishekprabhu.kannan in C:\Users\abishekprabhu.kannan\Downloads\Java_Projects\bookstore-test\bookstore)
2025-Jun-11 14:03:38 [main] INFO  c.h.b.c.AuthorControllerTest                       - No active profile set, falling back to 1 default profile: "default"
2025-Jun-11 14:03:39 [main] WARN  o.s.b.a.s.s.UserDetailsServiceAutoConfiguration    - 

Using generated security password: f5523baf-e357-4d31-8eed-0fe4d0524334

This generated password is for development use only. Your security configuration must be updated before running your application in production.

2025-Jun-11 14:03:39 [main] INFO  o.s.s.c.a.a.c.InitializeUserDetailsBeanManagerConfigurer$InitializeUserDetailsManagerConfigurer - Global AuthenticationManager configured with UserDetailsService bean with name inMemoryUserDetailsManager
2025-Jun-11 14:03:39 [main] INFO  o.s.b.t.m.w.SpringBootMockServletContext           - Initializing Spring TestDispatcherServlet ''
2025-Jun-11 14:03:39 [main] INFO  o.s.t.w.s.TestDispatcherServlet                    - Initializing Servlet ''
2025-Jun-11 14:03:39 [main] INFO  o.s.t.w.s.TestDispatcherServlet                    - Completed initialization in 1 ms
2025-Jun-11 14:03:39 [main] INFO  c.h.b.c.AuthorControllerTest                       - Started AuthorControllerTest in 0.861 seconds (process running for 24.112)
2025-Jun-11 14:03:40 [main] INFO  c.h.b.s.A.AuthenticationServiceImpl                - Attempting login for username: AuthenticationRequestDto(username=user, password=pass)
2025-Jun-11 14:03:40 [main] INFO  c.h.b.s.A.AuthenticationServiceImpl                - Login successful for user: userROLE : [ROLE_USER]
2025-Jun-11 14:03:40 [main] INFO  c.h.b.s.A.AuthenticationServiceImpl                - Attempting to register new customer with username: customer
2025-Jun-11 14:03:40 [main] INFO  c.h.b.s.A.AuthenticationServiceImpl                - Customer registered successfully: Customer(name=null, purchasedBooks=null)
2025-Jun-11 14:03:40 [main] INFO  c.h.b.s.A.AuthenticationServiceImpl                - Customer response DTO created: CustomerResponseDTO(username=customer, name=null, roles=null)
2025-Jun-11 14:03:40 [main] INFO  c.h.b.s.A.AuthenticationServiceImpl                - Attempting login for username: AuthenticationRequestDto(username=user, password=wrong)
2025-Jun-11 14:03:40 [main] ERROR c.h.b.s.A.AuthenticationServiceImpl                - Authentication failed for user: user
java.lang.RuntimeException: Bad credentials
	at com.hcltech.bookstore.service.authentication.AuthenticationServiceImpl.login(AuthenticationServiceImpl.java:68) ~[classes/:?]
	at com.hcltech.bookstore.service.authentication.AuthenticationServiceImplTest.lambda$testLoginFailure$0(AuthenticationServiceTest.java:138) ~[test-classes/:?]
	at org.junit.jupiter.api.AssertThrows.assertThrows(AssertThrows.java:53) ~[junit-jupiter-api-5.12.2.jar:5.12.2]
	at org.junit.jupiter.api.AssertThrows.assertThrows(AssertThrows.java:35) ~[junit-jupiter-api-5.12.2.jar:5.12.2]
	at org.junit.jupiter.api.Assertions.assertThrows(Assertions.java:3128) ~[junit-jupiter-api-5.12.2.jar:5.12.2]
	at com.hcltech.bookstore.service.authentication.AuthenticationServiceImplTest.testLoginFailure(AuthenticationServiceTest.java:138) ~[test-classes/:?]
	at java.base/jdk.internal.reflect.DirectMethodHandleAccessor.invoke(DirectMethodHandleAccessor.java:103) ~[?:?]
	at java.base/java.lang.reflect.Method.invoke(Method.java:580) ~[?:?]
	at org.junit.platform.commons.util.ReflectionUtils.invokeMethod(ReflectionUtils.java:775) ~[junit-platform-commons-1.12.2.jar:1.12.2]
	at org.junit.platform.commons.support.ReflectionSupport.invokeMethod(ReflectionSupport.java:479) ~[junit-platform-commons-1.12.2.jar:1.12.2]
	at org.junit.jupiter.engine.execution.MethodInvocation.proceed(MethodInvocation.java:60) ~[junit-jupiter-engine-5.12.2.jar:5.12.2]
	at org.junit.jupiter.engine.execution.InvocationInterceptorChain$ValidatingInvocation.proceed(InvocationInterceptorChain.java:131) ~[junit-jupiter-engine-5.12.2.jar:5.12.2]
	at org.junit.jupiter.engine.extension.TimeoutExtension.intercept(TimeoutExtension.java:161) ~[junit-jupiter-engine-5.12.2.jar:5.12.2]
	at org.junit.jupiter.engine.extension.TimeoutExtension.interceptTestableMethod(TimeoutExtension.java:152) ~[junit-jupiter-engine-5.12.2.jar:5.12.2]
	at org.junit.jupiter.engine.extension.TimeoutExtension.interceptTestMethod(TimeoutExtension.java:91) ~[junit-jupiter-engine-5.12.2.jar:5.12.2]
	at org.junit.jupiter.engine.execution.InterceptingExecutableInvoker$ReflectiveInterceptorCall.lambda$ofVoidMethod$0(InterceptingExecutableInvoker.java:112) ~[junit-jupiter-engine-5.12.2.jar:5.12.2]
	at org.junit.jupiter.engine.execution.InterceptingExecutableInvoker.lambda$invoke$0(InterceptingExecutableInvoker.java:94) ~[junit-jupiter-engine-5.12.2.jar:5.12.2]
	at org.junit.jupiter.engine.execution.InvocationInterceptorChain$InterceptedInvocation.proceed(InvocationInterceptorChain.java:106) ~[junit-jupiter-engine-5.12.2.jar:5.12.2]
	at org.junit.jupiter.engine.execution.InvocationInterceptorChain.proceed(InvocationInterceptorChain.java:64) ~[junit-jupiter-engine-5.12.2.jar:5.12.2]
	at org.junit.jupiter.engine.execution.InvocationInterceptorChain.chainAndInvoke(InvocationInterceptorChain.java:45) ~[junit-jupiter-engine-5.12.2.jar:5.12.2]
	at org.junit.jupiter.engine.execution.InvocationInterceptorChain.invoke(InvocationInterceptorChain.java:37) ~[junit-jupiter-engine-5.12.2.jar:5.12.2]
	at org.junit.jupiter.engine.execution.InterceptingExecutableInvoker.invoke(InterceptingExecutableInvoker.java:93) ~[junit-jupiter-engine-5.12.2.jar:5.12.2]
	at org.junit.jupiter.engine.execution.InterceptingExecutableInvoker.invoke(InterceptingExecutableInvoker.java:87) ~[junit-jupiter-engine-5.12.2.jar:5.12.2]
	at org.junit.jupiter.engine.descriptor.TestMethodTestDescriptor.lambda$invokeTestMethod$7(TestMethodTestDescriptor.java:216) ~[junit-jupiter-engine-5.12.2.jar:5.12.2]
	at org.junit.platform.engine.support.hierarchical.ThrowableCollector.execute(ThrowableCollector.java:73) ~[junit-platform-engine-1.12.2.jar:1.12.2]
	at org.junit.jupiter.engine.descriptor.TestMethodTestDescriptor.invokeTestMethod(TestMethodTestDescriptor.java:212) ~[junit-jupiter-engine-5.12.2.jar:5.12.2]
	at org.junit.jupiter.engine.descriptor.TestMethodTestDescriptor.execute(TestMethodTestDescriptor.java:137) ~[junit-jupiter-engine-5.12.2.jar:5.12.2]
	at org.junit.jupiter.engine.descriptor.TestMethodTestDescriptor.execute(TestMethodTestDescriptor.java:69) ~[junit-jupiter-engine-5.12.2.jar:5.12.2]
	at org.junit.platform.engine.support.hierarchical.NodeTestTask.lambda$executeRecursively$6(NodeTestTask.java:156) ~[junit-platform-engine-1.12.2.jar:1.12.2]
	at org.junit.platform.engine.support.hierarchical.ThrowableCollector.execute(ThrowableCollector.java:73) ~[junit-platform-engine-1.12.2.jar:1.12.2]
	at org.junit.platform.engine.support.hierarchical.NodeTestTask.lambda$executeRecursively$8(NodeTestTask.java:146) ~[junit-platform-engine-1.12.2.jar:1.12.2]
	at org.junit.platform.engine.support.hierarchical.Node.around(Node.java:137) ~[junit-platform-engine-1.12.2.jar:1.12.2]
	at org.junit.platform.engine.support.hierarchical.NodeTestTask.lambda$executeRecursively$9(NodeTestTask.java:144) ~[junit-platform-engine-1.12.2.jar:1.12.2]
	at org.junit.platform.engine.support.hierarchical.ThrowableCollector.execute(ThrowableCollector.java:73) ~[junit-platform-engine-1.12.2.jar:1.12.2]
	at org.junit.platform.engine.support.hierarchical.NodeTestTask.executeRecursively(NodeTestTask.java:143) ~[junit-platform-engine-1.12.2.jar:1.12.2]
	at org.junit.platform.engine.support.hierarchical.NodeTestTask.execute(NodeTestTask.java:100) ~[junit-platform-engine-1.12.2.jar:1.12.2]
	at java.base/java.util.ArrayList.forEach(ArrayList.java:1596) ~[?:?]
	at org.junit.platform.engine.support.hierarchical.SameThreadHierarchicalTestExecutorService.invokeAll(SameThreadHierarchicalTestExecutorService.java:41) ~[junit-platform-engine-1.12.2.jar:1.12.2]
	at org.junit.platform.engine.support.hierarchical.NodeTestTask.lambda$executeRecursively$6(NodeTestTask.java:160) ~[junit-platform-engine-1.12.2.jar:1.12.2]
	at org.junit.platform.engine.support.hierarchical.ThrowableCollector.execute(ThrowableCollector.java:73) ~[junit-platform-engine-1.12.2.jar:1.12.2]
	at org.junit.platform.engine.support.hierarchical.NodeTestTask.lambda$executeRecursively$8(NodeTestTask.java:146) ~[junit-platform-engine-1.12.2.jar:1.12.2]
	at org.junit.platform.engine.support.hierarchical.Node.around(Node.java:137) ~[junit-platform-engine-1.12.2.jar:1.12.2]
	at org.junit.platform.engine.support.hierarchical.NodeTestTask.lambda$executeRecursively$9(NodeTestTask.java:144) ~[junit-platform-engine-1.12.2.jar:1.12.2]
	at org.junit.platform.engine.support.hierarchical.ThrowableCollector.execute(ThrowableCollector.java:73) ~[junit-platform-engine-1.12.2.jar:1.12.2]
	at org.junit.platform.engine.support.hierarchical.NodeTestTask.executeRecursively(NodeTestTask.java:143) ~[junit-platform-engine-1.12.2.jar:1.12.2]
	at org.junit.platform.engine.support.hierarchical.NodeTestTask.execute(NodeTestTask.java:100) ~[junit-platform-engine-1.12.2.jar:1.12.2]
	at java.base/java.util.ArrayList.forEach(ArrayList.java:1596) ~[?:?]
	at org.junit.platform.engine.support.hierarchical.SameThreadHierarchicalTestExecutorService.invokeAll(SameThreadHierarchicalTestExecutorService.java:41) ~[junit-platform-engine-1.12.2.jar:1.12.2]
	at org.junit.platform.engine.support.hierarchical.NodeTestTask.lambda$executeRecursively$6(NodeTestTask.java:160) ~[junit-platform-engine-1.12.2.jar:1.12.2]
	at org.junit.platform.engine.support.hierarchical.ThrowableCollector.execute(ThrowableCollector.java:73) ~[junit-platform-engine-1.12.2.jar:1.12.2]
	at org.junit.platform.engine.support.hierarchical.NodeTestTask.lambda$executeRecursively$8(NodeTestTask.java:146) ~[junit-platform-engine-1.12.2.jar:1.12.2]
	at org.junit.platform.engine.support.hierarchical.Node.around(Node.java:137) ~[junit-platform-engine-1.12.2.jar:1.12.2]
	at org.junit.platform.engine.support.hierarchical.NodeTestTask.lambda$executeRecursively$9(NodeTestTask.java:144) ~[junit-platform-engine-1.12.2.jar:1.12.2]
	at org.junit.platform.engine.support.hierarchical.ThrowableCollector.execute(ThrowableCollector.java:73) ~[junit-platform-engine-1.12.2.jar:1.12.2]
	at org.junit.platform.engine.support.hierarchical.NodeTestTask.executeRecursively(NodeTestTask.java:143) ~[junit-platform-engine-1.12.2.jar:1.12.2]
	at org.junit.platform.engine.support.hierarchical.NodeTestTask.execute(NodeTestTask.java:100) ~[junit-platform-engine-1.12.2.jar:1.12.2]
	at org.junit.platform.engine.support.hierarchical.SameThreadHierarchicalTestExecutorService.submit(SameThreadHierarchicalTestExecutorService.java:35) ~[junit-platform-engine-1.12.2.jar:1.12.2]
	at org.junit.platform.engine.support.hierarchical.HierarchicalTestExecutor.execute(HierarchicalTestExecutor.java:57) ~[junit-platform-engine-1.12.2.jar:1.12.2]
	at org.junit.platform.engine.support.hierarchical.HierarchicalTestEngine.execute(HierarchicalTestEngine.java:54) ~[junit-platform-engine-1.12.2.jar:1.12.2]
	at org.junit.platform.launcher.core.EngineExecutionOrchestrator.execute(EngineExecutionOrchestrator.java:201) ~[junit-platform-launcher-1.12.2.jar:1.12.2]
	at org.junit.platform.launcher.core.EngineExecutionOrchestrator.execute(EngineExecutionOrchestrator.java:170) ~[junit-platform-launcher-1.12.2.jar:1.12.2]
	at org.junit.platform.launcher.core.EngineExecutionOrchestrator.execute(EngineExecutionOrchestrator.java:94) ~[junit-platform-launcher-1.12.2.jar:1.12.2]
	at org.junit.platform.launcher.core.EngineExecutionOrchestrator.lambda$execute$0(EngineExecutionOrchestrator.java:59) ~[junit-platform-launcher-1.12.2.jar:1.12.2]
	at org.junit.platform.launcher.core.EngineExecutionOrchestrator.withInterceptedStreams(EngineExecutionOrchestrator.java:142) ~[junit-platform-launcher-1.12.2.jar:1.12.2]
	at org.junit.platform.launcher.core.EngineExecutionOrchestrator.execute(EngineExecutionOrchestrator.java:58) ~[junit-platform-launcher-1.12.2.jar:1.12.2]
	at org.junit.platform.launcher.core.DefaultLauncher.execute(DefaultLauncher.java:103) ~[junit-platform-launcher-1.12.2.jar:1.12.2]
	at org.junit.platform.launcher.core.DefaultLauncher.execute(DefaultLauncher.java:85) ~[junit-platform-launcher-1.12.2.jar:1.12.2]
	at org.junit.platform.launcher.core.DelegatingLauncher.execute(DelegatingLauncher.java:47) ~[junit-platform-launcher-1.12.2.jar:1.12.2]
	at org.junit.platform.launcher.core.InterceptingLauncher.lambda$execute$1(InterceptingLauncher.java:39) ~[junit-platform-launcher-1.12.2.jar:1.12.2]
	at org.junit.platform.launcher.core.ClasspathAlignmentCheckingLauncherInterceptor.intercept(ClasspathAlignmentCheckingLauncherInterceptor.java:25) [junit-platform-launcher-1.12.2.jar:1.12.2]
	at org.junit.platform.launcher.core.InterceptingLauncher.execute(InterceptingLauncher.java:38) [junit-platform-launcher-1.12.2.jar:1.12.2]
	at org.junit.platform.launcher.core.DelegatingLauncher.execute(DelegatingLauncher.java:47) [junit-platform-launcher-1.12.2.jar:1.12.2]
	at org.junit.platform.launcher.core.SessionPerRequestLauncher.execute(SessionPerRequestLauncher.java:63) [junit-platform-launcher-1.12.2.jar:1.12.2]
	at com.intellij.junit5.JUnit5IdeaTestRunner.startRunnerWithArgs(JUnit5IdeaTestRunner.java:57) [junit5-rt.jar:?]
	at com.intellij.rt.junit.IdeaTestRunner$Repeater$1.execute(IdeaTestRunner.java:38) [junit-rt.jar:?]
	at com.intellij.rt.execution.junit.TestsRepeater.repeat(TestsRepeater.java:11) [idea_rt.jar:?]
	at com.intellij.rt.junit.IdeaTestRunner$Repeater.startRunnerWithArgs(IdeaTestRunner.java:35) [junit-rt.jar:?]
	at com.intellij.rt.junit.JUnitStarter.prepareStreamsAndStart(JUnitStarter.java:231) [junit-rt.jar:?]
	at com.intellij.rt.junit.JUnitStarter.main(JUnitStarter.java:55) [junit-rt.jar:?]
2025-Jun-11 14:03:40 [main] INFO  c.h.b.s.A.AuthenticationServiceImpl                - Attempting to register new author with username: author
2025-Jun-11 14:03:40 [main] INFO  c.h.b.s.A.AuthenticationServiceImpl                - Author registered successfully: author
2025-Jun-11 14:03:40 [main] DEBUG o.s.c.e.PropertySourcesPropertyResolver            - Found key 'spring.application.name' in PropertySource 'configurationProperties' with value of type String
2025-Jun-11 14:03:40 [main] INFO  c.h.b.c.PurchasedBookControllerTest                - Starting PurchasedBookControllerTest using Java 21.0.4 with PID 12216 (started by abishekprabhu.kannan in C:\Users\abishekprabhu.kannan\Downloads\Java_Projects\bookstore-test\bookstore)
2025-Jun-11 14:03:40 [main] INFO  c.h.b.c.PurchasedBookControllerTest                - No active profile set, falling back to 1 default profile: "default"
2025-Jun-11 14:03:40 [main] WARN  o.s.b.a.s.s.UserDetailsServiceAutoConfiguration    - 

Using generated security password: e6fef48e-1961-4f6b-9474-104a4cfd32d4

This generated password is for development use only. Your security configuration must be updated before running your application in production.

2025-Jun-11 14:03:40 [main] INFO  o.s.s.c.a.a.c.InitializeUserDetailsBeanManagerConfigurer$InitializeUserDetailsManagerConfigurer - Global AuthenticationManager configured with UserDetailsService bean with name inMemoryUserDetailsManager
2025-Jun-11 14:03:40 [main] INFO  o.s.b.t.m.w.SpringBootMockServletContext           - Initializing Spring TestDispatcherServlet ''
2025-Jun-11 14:03:40 [main] INFO  o.s.t.w.s.TestDispatcherServlet                    - Initializing Servlet ''
2025-Jun-11 14:03:40 [main] INFO  o.s.t.w.s.TestDispatcherServlet                    - Completed initialization in 1 ms
2025-Jun-11 14:03:40 [main] INFO  c.h.b.c.PurchasedBookControllerTest                - Started PurchasedBookControllerTest in 0.515 seconds (process running for 25.86)
2025-Jun-11 14:03:41 [main] DEBUG o.s.c.e.PropertySourcesPropertyResolver            - Found key 'spring.application.name' in PropertySource 'configurationProperties' with value of type String
2025-Jun-11 14:03:41 [main] INFO  c.h.b.c.BookControllerTest                         - Starting BookControllerTest using Java 21.0.4 with PID 12216 (started by abishekprabhu.kannan in C:\Users\abishekprabhu.kannan\Downloads\Java_Projects\bookstore-test\bookstore)
2025-Jun-11 14:03:41 [main] INFO  c.h.b.c.BookControllerTest                         - No active profile set, falling back to 1 default profile: "default"
2025-Jun-11 14:03:41 [main] WARN  o.s.b.a.s.s.UserDetailsServiceAutoConfiguration    - 

Using generated security password: 3617b467-9d2b-4951-9eb6-9d6a014839f2

This generated password is for development use only. Your security configuration must be updated before running your application in production.

2025-Jun-11 14:03:41 [main] INFO  o.s.s.c.a.a.c.InitializeUserDetailsBeanManagerConfigurer$InitializeUserDetailsManagerConfigurer - Global AuthenticationManager configured with UserDetailsService bean with name inMemoryUserDetailsManager
2025-Jun-11 14:03:41 [main] INFO  o.s.b.t.m.w.SpringBootMockServletContext           - Initializing Spring TestDispatcherServlet ''
2025-Jun-11 14:03:41 [main] INFO  o.s.t.w.s.TestDispatcherServlet                    - Initializing Servlet ''
2025-Jun-11 14:03:41 [main] INFO  o.s.t.w.s.TestDispatcherServlet                    - Completed initialization in 0 ms
2025-Jun-11 14:03:41 [main] INFO  c.h.b.c.BookControllerTest                         - Started BookControllerTest in 0.535 seconds (process running for 26.515)
2025-Jun-11 14:03:42 [main] INFO  c.h.b.s.b.BookServiceImpl                          - Fetching book with ID: 1
2025-Jun-11 14:03:42 [main] INFO  c.h.b.s.b.BookServiceImpl                          - Fetching all books
2025-Jun-11 14:03:42 [main] INFO  c.h.b.s.b.BookServiceImpl                          - Creating new book with title: Sample Book
2025-Jun-11 14:03:42 [main] INFO  c.h.b.s.b.BookServiceImpl                          - Assigning author with ID: 1 to the book
2025-Jun-11 14:03:42 [main] INFO  c.h.b.s.b.BookServiceImpl                          - Book created successfully with ID: 1
2025-Jun-11 14:03:42 [main] INFO  c.h.b.s.b.BookServiceImpl                          - Fetching book with ID: 99
2025-Jun-11 14:03:42 [main] ERROR c.h.b.s.b.BookServiceImpl                          - Book not found with ID: 99
2025-Jun-11 14:03:42 [SpringApplicationShutdownHook] INFO  o.s.o.j.LocalContainerEntityManagerFactoryBean     - Closing JPA EntityManagerFactory for persistence unit 'default'
2025-Jun-11 14:03:42 [SpringApplicationShutdownHook] INFO  c.z.h.HikariDataSource                             - HikariPool-1 - Shutdown initiated...
2025-Jun-11 14:03:42 [SpringApplicationShutdownHook] INFO  c.z.h.HikariDataSource                             - HikariPool-1 - Shutdown completed.
2025-Jun-11 14:03:42 [SpringApplicationShutdownHook] INFO  o.s.o.j.LocalContainerEntityManagerFactoryBean     - Closing JPA EntityManagerFactory for persistence unit 'default'
2025-Jun-11 14:03:42 [SpringApplicationShutdownHook] INFO  c.z.h.HikariDataSource                             - HikariPool-2 - Shutdown initiated...
2025-Jun-11 14:03:42 [SpringApplicationShutdownHook] INFO  c.z.h.HikariDataSource                             - HikariPool-2 - Shutdown completed.
2025-Jun-11 14:04:46 [background-preinit] INFO  o.h.v.i.u.Version                                  - HV000001: Hibernate Validator 8.0.2.Final
2025-Jun-11 14:04:46 [main] INFO  c.h.b.BookstoreApplication                         - Starting BookstoreApplication using Java 21.0.4 with PID 1516 (C:\Users\abishekprabhu.kannan\Downloads\Java_Projects\bookstore-test\bookstore\target\classes started by abishekprabhu.kannan in C:\Users\abishekprabhu.kannan\Downloads\Java_Projects\bookstore-test\bookstore)
2025-Jun-11 14:04:46 [main] INFO  c.h.b.BookstoreApplication                         - The following 1 profile is active: "dev"
2025-Jun-11 14:04:47 [main] INFO  o.s.d.r.c.RepositoryConfigurationDelegate          - Bootstrapping Spring Data JPA repositories in DEFAULT mode.
2025-Jun-11 14:04:47 [main] INFO  o.s.d.r.c.RepositoryConfigurationDelegate          - Finished Spring Data repository scanning in 160 ms. Found 5 JPA repository interfaces.
2025-Jun-11 14:04:48 [main] INFO  o.s.b.w.e.t.TomcatWebServer                        - Tomcat initialized with port 8080 (http)
2025-Jun-11 14:04:48 [main] INFO  o.a.c.h.Http11NioProtocol                          - Initializing ProtocolHandler ["http-nio-8080"]
2025-Jun-11 14:04:48 [main] INFO  o.a.c.c.StandardService                            - Starting service [Tomcat]
2025-Jun-11 14:04:48 [main] INFO  o.a.c.c.StandardEngine                             - Starting Servlet engine: [Apache Tomcat/10.1.41]
2025-Jun-11 14:04:48 [main] INFO  o.a.c.c.C.[.[.[/]                                  - Initializing Spring embedded WebApplicationContext
2025-Jun-11 14:04:48 [main] INFO  o.s.b.w.s.c.ServletWebServerApplicationContext     - Root WebApplicationContext: initialization completed in 2556 ms
2025-Jun-11 14:04:49 [main] INFO  o.h.j.i.u.LogHelper                                - HHH000204: Processing PersistenceUnitInfo [name: default]
2025-Jun-11 14:04:49 [main] INFO  o.h.Version                                        - HHH000412: Hibernate ORM core version 6.6.15.Final
2025-Jun-11 14:04:49 [main] INFO  o.h.c.i.RegionFactoryInitiator                     - HHH000026: Second-level cache disabled
2025-Jun-11 14:04:49 [main] INFO  o.s.o.j.p.SpringPersistenceUnitInfo                - No LoadTimeWeaver setup: ignoring JPA class transformer
2025-Jun-11 14:04:49 [main] INFO  c.z.h.HikariDataSource                             - HikariPool-1 - Starting...
2025-Jun-11 14:04:50 [main] INFO  c.z.h.p.HikariPool                                 - HikariPool-1 - Added connection org.postgresql.jdbc.PgConnection@3f80d8c
2025-Jun-11 14:04:50 [main] INFO  c.z.h.HikariDataSource                             - HikariPool-1 - Start completed.
2025-Jun-11 14:04:50 [main] INFO  o.h.o.c.pooling                                    - HHH10001005: Database info:
	Database JDBC URL [Connecting through datasource 'HikariDataSource (HikariPool-1)']
	Database driver: undefined/unknown
	Database version: 16.4
	Autocommit mode: undefined/unknown
	Isolation level: undefined/unknown
	Minimum pool size: undefined/unknown
	Maximum pool size: undefined/unknown
2025-Jun-11 14:04:52 [main] INFO  o.h.e.t.j.p.i.JtaPlatformInitiator                 - HHH000489: No JTA platform available (set 'hibernate.transaction.jta.platform' to enable JTA platform integration)
2025-Jun-11 14:04:52 [main] WARN  o.h.e.j.s.SqlExceptionHelper                       - SQL Warning Code: 0, SQLState: 00000
2025-Jun-11 14:04:52 [main] WARN  o.h.e.j.s.SqlExceptionHelper                       - constraint "ukr43af9ap4edm43mmtq01oddj6" of relation "users" does not exist, skipping
2025-Jun-11 14:04:52 [main] INFO  o.s.o.j.LocalContainerEntityManagerFactoryBean     - Initialized JPA EntityManagerFactory for persistence unit 'default'
2025-Jun-11 14:04:53 [main] DEBUG o.s.c.e.PropertySourcesPropertyResolver            - Found key 'JWT_SECRET_KEY' in PropertySource 'environmentProperties' with value of type String
2025-Jun-11 14:04:53 [main] INFO  o.s.s.c.a.a.c.InitializeAuthenticationProviderBeanManagerConfigurer$InitializeAuthenticationProviderManagerConfigurer - Global AuthenticationManager configured with AuthenticationProvider bean with name authenticationProvider
2025-Jun-11 14:04:53 [main] WARN  o.s.s.c.a.a.c.InitializeUserDetailsBeanManagerConfigurer$InitializeUserDetailsManagerConfigurer - Global AuthenticationManager configured with an AuthenticationProvider bean. UserDetailsService beans will not be used by Spring Security for automatically configuring username/password login. Consider removing the AuthenticationProvider bean. Alternatively, consider using the UserDetailsService in a manually instantiated DaoAuthenticationProvider. If the current configuration is intentional, to turn off this warning, increase the logging level of 'org.springframework.security.config.annotation.authentication.configuration.InitializeUserDetailsBeanManagerConfigurer' to ERROR
2025-Jun-11 14:04:54 [main] WARN  o.s.b.a.o.j.JpaBaseConfiguration$JpaWebConfiguration - spring.jpa.open-in-view is enabled by default. Therefore, database queries may be performed during view rendering. Explicitly configure spring.jpa.open-in-view to disable this warning
2025-Jun-11 14:04:56 [main] INFO  o.a.c.h.Http11NioProtocol                          - Starting ProtocolHandler ["http-nio-8080"]
2025-Jun-11 14:04:56 [main] INFO  o.s.b.w.e.t.TomcatWebServer                        - Tomcat started on port 8080 (http) with context path '/'
2025-Jun-11 14:04:56 [main] INFO  c.h.b.BookstoreApplication                         - Started BookstoreApplication in 10.819 seconds (process running for 12.12)
2025-Jun-11 14:05:37 [http-nio-8080-exec-1] INFO  o.a.c.c.C.[.[.[/]                                  - Initializing Spring DispatcherServlet 'dispatcherServlet'
2025-Jun-11 14:05:37 [http-nio-8080-exec-1] INFO  o.s.w.s.DispatcherServlet                          - Initializing Servlet 'dispatcherServlet'
2025-Jun-11 14:05:37 [http-nio-8080-exec-1] INFO  o.s.w.s.DispatcherServlet                          - Completed initialization in 2 ms
2025-Jun-11 14:05:37 [http-nio-8080-exec-1] ERROR o.a.c.c.C.[.[.[.[dispatcherServlet]                - Servlet.service() for servlet [dispatcherServlet] in context with path [] threw exception
io.jsonwebtoken.ExpiredJwtException: JWT expired 4042849 milliseconds ago at 2025-06-11T07:28:15.000Z. Current time: 2025-06-11T08:35:37.849Z. Allowed clock skew: 0 milliseconds.
	at io.jsonwebtoken.impl.DefaultJwtParser.parse(DefaultJwtParser.java:691) ~[jjwt-impl-0.12.6.jar:0.12.6]
	at io.jsonwebtoken.impl.DefaultJwtParser.parse(DefaultJwtParser.java:364) ~[jjwt-impl-0.12.6.jar:0.12.6]
	at io.jsonwebtoken.impl.DefaultJwtParser.parse(DefaultJwtParser.java:94) ~[jjwt-impl-0.12.6.jar:0.12.6]
	at io.jsonwebtoken.impl.io.AbstractParser.parse(AbstractParser.java:36) ~[jjwt-impl-0.12.6.jar:0.12.6]
	at io.jsonwebtoken.impl.io.AbstractParser.parse(AbstractParser.java:29) ~[jjwt-impl-0.12.6.jar:0.12.6]
	at io.jsonwebtoken.impl.DefaultJwtParser.parseSignedClaims(DefaultJwtParser.java:830) ~[jjwt-impl-0.12.6.jar:0.12.6]
	at com.hcltech.bookstore.util.JwtUtil.extractAllClaimsFromToken(JwtUtil.java:40) ~[classes/:?]
	at com.hcltech.bookstore.util.JwtUtil.extractClaimFromToken(JwtUtil.java:32) ~[classes/:?]
	at com.hcltech.bookstore.util.JwtUtil.extractUsernameFromToken(JwtUtil.java:24) ~[classes/:?]
	at com.hcltech.bookstore.filter.JwtAuthRequestFilter.doFilterInternal(JwtAuthRequestFilter.java:35) ~[classes/:?]
	at org.springframework.web.filter.OncePerRequestFilter.doFilter(OncePerRequestFilter.java:116) ~[spring-web-6.2.7.jar:6.2.7]
	at org.springframework.security.web.FilterChainProxy$VirtualFilterChain.doFilter(FilterChainProxy.java:374) ~[spring-security-web-6.5.0.jar:6.5.0]
	at org.springframework.security.web.authentication.logout.LogoutFilter.doFilter(LogoutFilter.java:107) ~[spring-security-web-6.5.0.jar:6.5.0]
	at org.springframework.security.web.authentication.logout.LogoutFilter.doFilter(LogoutFilter.java:93) ~[spring-security-web-6.5.0.jar:6.5.0]
	at org.springframework.security.web.FilterChainProxy$VirtualFilterChain.doFilter(FilterChainProxy.java:374) ~[spring-security-web-6.5.0.jar:6.5.0]
	at org.springframework.security.web.header.HeaderWriterFilter.doHeadersAfter(HeaderWriterFilter.java:90) ~[spring-security-web-6.5.0.jar:6.5.0]
	at org.springframework.security.web.header.HeaderWriterFilter.doFilterInternal(HeaderWriterFilter.java:75) ~[spring-security-web-6.5.0.jar:6.5.0]
	at org.springframework.web.filter.OncePerRequestFilter.doFilter(OncePerRequestFilter.java:116) ~[spring-web-6.2.7.jar:6.2.7]
	at org.springframework.security.web.FilterChainProxy$VirtualFilterChain.doFilter(FilterChainProxy.java:374) ~[spring-security-web-6.5.0.jar:6.5.0]
	at org.springframework.security.web.context.SecurityContextHolderFilter.doFilter(SecurityContextHolderFilter.java:82) ~[spring-security-web-6.5.0.jar:6.5.0]
	at org.springframework.security.web.context.SecurityContextHolderFilter.doFilter(SecurityContextHolderFilter.java:69) ~[spring-security-web-6.5.0.jar:6.5.0]
	at org.springframework.security.web.FilterChainProxy$VirtualFilterChain.doFilter(FilterChainProxy.java:374) ~[spring-security-web-6.5.0.jar:6.5.0]
	at org.springframework.security.web.context.request.async.WebAsyncManagerIntegrationFilter.doFilterInternal(WebAsyncManagerIntegrationFilter.java:62) ~[spring-security-web-6.5.0.jar:6.5.0]
	at org.springframework.web.filter.OncePerRequestFilter.doFilter(OncePerRequestFilter.java:116) ~[spring-web-6.2.7.jar:6.2.7]
	at org.springframework.security.web.FilterChainProxy$VirtualFilterChain.doFilter(FilterChainProxy.java:374) ~[spring-security-web-6.5.0.jar:6.5.0]
	at org.springframework.security.web.session.DisableEncodeUrlFilter.doFilterInternal(DisableEncodeUrlFilter.java:42) ~[spring-security-web-6.5.0.jar:6.5.0]
	at org.springframework.web.filter.OncePerRequestFilter.doFilter(OncePerRequestFilter.java:116) ~[spring-web-6.2.7.jar:6.2.7]
	at org.springframework.security.web.FilterChainProxy$VirtualFilterChain.doFilter(FilterChainProxy.java:374) ~[spring-security-web-6.5.0.jar:6.5.0]
	at org.springframework.security.web.FilterChainProxy.doFilterInternal(FilterChainProxy.java:233) ~[spring-security-web-6.5.0.jar:6.5.0]
	at org.springframework.security.web.FilterChainProxy.doFilter(FilterChainProxy.java:191) ~[spring-security-web-6.5.0.jar:6.5.0]
	at org.springframework.web.filter.CompositeFilter$VirtualFilterChain.doFilter(CompositeFilter.java:113) ~[spring-web-6.2.7.jar:6.2.7]
	at org.springframework.web.filter.ServletRequestPathFilter.doFilter(ServletRequestPathFilter.java:52) ~[spring-web-6.2.7.jar:6.2.7]
	at org.springframework.web.filter.CompositeFilter$VirtualFilterChain.doFilter(CompositeFilter.java:113) ~[spring-web-6.2.7.jar:6.2.7]
	at org.springframework.web.filter.CompositeFilter.doFilter(CompositeFilter.java:74) ~[spring-web-6.2.7.jar:6.2.7]
	at org.springframework.security.config.annotation.web.configuration.WebSecurityConfiguration$CompositeFilterChainProxy.doFilter(WebSecurityConfiguration.java:319) ~[spring-security-config-6.5.0.jar:6.5.0]
	at org.springframework.web.filter.CompositeFilter$VirtualFilterChain.doFilter(CompositeFilter.java:113) ~[spring-web-6.2.7.jar:6.2.7]
	at org.springframework.web.servlet.handler.HandlerMappingIntrospector.lambda$createCacheFilter$3(HandlerMappingIntrospector.java:243) ~[spring-webmvc-6.2.7.jar:6.2.7]
	at org.springframework.web.filter.CompositeFilter$VirtualFilterChain.doFilter(CompositeFilter.java:113) ~[spring-web-6.2.7.jar:6.2.7]
	at org.springframework.web.filter.CompositeFilter.doFilter(CompositeFilter.java:74) ~[spring-web-6.2.7.jar:6.2.7]
	at org.springframework.security.config.annotation.web.configuration.WebMvcSecurityConfiguration$CompositeFilterChainProxy.doFilter(WebMvcSecurityConfiguration.java:240) ~[spring-security-config-6.5.0.jar:6.5.0]
	at org.springframework.web.filter.DelegatingFilterProxy.invokeDelegate(DelegatingFilterProxy.java:362) ~[spring-web-6.2.7.jar:6.2.7]
	at org.springframework.web.filter.DelegatingFilterProxy.doFilter(DelegatingFilterProxy.java:278) ~[spring-web-6.2.7.jar:6.2.7]
	at org.apache.catalina.core.ApplicationFilterChain.internalDoFilter(ApplicationFilterChain.java:164) ~[tomcat-embed-core-10.1.41.jar:10.1.41]
	at org.apache.catalina.core.ApplicationFilterChain.doFilter(ApplicationFilterChain.java:140) ~[tomcat-embed-core-10.1.41.jar:10.1.41]
	at org.springframework.web.filter.RequestContextFilter.doFilterInternal(RequestContextFilter.java:100) ~[spring-web-6.2.7.jar:6.2.7]
	at org.springframework.web.filter.OncePerRequestFilter.doFilter(OncePerRequestFilter.java:116) ~[spring-web-6.2.7.jar:6.2.7]
	at org.apache.catalina.core.ApplicationFilterChain.internalDoFilter(ApplicationFilterChain.java:164) ~[tomcat-embed-core-10.1.41.jar:10.1.41]
	at org.apache.catalina.core.ApplicationFilterChain.doFilter(ApplicationFilterChain.java:140) ~[tomcat-embed-core-10.1.41.jar:10.1.41]
	at org.springframework.web.filter.FormContentFilter.doFilterInternal(FormContentFilter.java:93) ~[spring-web-6.2.7.jar:6.2.7]
	at org.springframework.web.filter.OncePerRequestFilter.doFilter(OncePerRequestFilter.java:116) ~[spring-web-6.2.7.jar:6.2.7]
	at org.apache.catalina.core.ApplicationFilterChain.internalDoFilter(ApplicationFilterChain.java:164) ~[tomcat-embed-core-10.1.41.jar:10.1.41]
	at org.apache.catalina.core.ApplicationFilterChain.doFilter(ApplicationFilterChain.java:140) ~[tomcat-embed-core-10.1.41.jar:10.1.41]
	at org.springframework.web.filter.CharacterEncodingFilter.doFilterInternal(CharacterEncodingFilter.java:201) ~[spring-web-6.2.7.jar:6.2.7]
	at org.springframework.web.filter.OncePerRequestFilter.doFilter(OncePerRequestFilter.java:116) ~[spring-web-6.2.7.jar:6.2.7]
	at org.apache.catalina.core.ApplicationFilterChain.internalDoFilter(ApplicationFilterChain.java:164) ~[tomcat-embed-core-10.1.41.jar:10.1.41]
	at org.apache.catalina.core.ApplicationFilterChain.doFilter(ApplicationFilterChain.java:140) ~[tomcat-embed-core-10.1.41.jar:10.1.41]
	at org.apache.catalina.core.StandardWrapperValve.invoke(StandardWrapperValve.java:167) ~[tomcat-embed-core-10.1.41.jar:10.1.41]
	at org.apache.catalina.core.StandardContextValve.invoke(StandardContextValve.java:90) ~[tomcat-embed-core-10.1.41.jar:10.1.41]
	at org.apache.catalina.authenticator.AuthenticatorBase.invoke(AuthenticatorBase.java:483) ~[tomcat-embed-core-10.1.41.jar:10.1.41]
	at org.apache.catalina.core.StandardHostValve.invoke(StandardHostValve.java:116) ~[tomcat-embed-core-10.1.41.jar:10.1.41]
	at org.apache.catalina.valves.ErrorReportValve.invoke(ErrorReportValve.java:93) ~[tomcat-embed-core-10.1.41.jar:10.1.41]
	at org.apache.catalina.core.StandardEngineValve.invoke(StandardEngineValve.java:74) ~[tomcat-embed-core-10.1.41.jar:10.1.41]
	at org.apache.catalina.connector.CoyoteAdapter.service(CoyoteAdapter.java:344) ~[tomcat-embed-core-10.1.41.jar:10.1.41]
	at org.apache.coyote.http11.Http11Processor.service(Http11Processor.java:398) ~[tomcat-embed-core-10.1.41.jar:10.1.41]
	at org.apache.coyote.AbstractProcessorLight.process(AbstractProcessorLight.java:63) ~[tomcat-embed-core-10.1.41.jar:10.1.41]
	at org.apache.coyote.AbstractProtocol$ConnectionHandler.process(AbstractProtocol.java:903) ~[tomcat-embed-core-10.1.41.jar:10.1.41]
	at org.apache.tomcat.util.net.NioEndpoint$SocketProcessor.doRun(NioEndpoint.java:1740) ~[tomcat-embed-core-10.1.41.jar:10.1.41]
	at org.apache.tomcat.util.net.SocketProcessorBase.run(SocketProcessorBase.java:52) ~[tomcat-embed-core-10.1.41.jar:10.1.41]
	at org.apache.tomcat.util.threads.ThreadPoolExecutor.runWorker(ThreadPoolExecutor.java:1189) ~[tomcat-embed-core-10.1.41.jar:10.1.41]
	at org.apache.tomcat.util.threads.ThreadPoolExecutor$Worker.run(ThreadPoolExecutor.java:658) ~[tomcat-embed-core-10.1.41.jar:10.1.41]
	at org.apache.tomcat.util.threads.TaskThread$WrappingRunnable.run(TaskThread.java:63) ~[tomcat-embed-core-10.1.41.jar:10.1.41]
	at java.base/java.lang.Thread.run(Thread.java:1583) [?:?]
2025-Jun-11 14:05:50 [http-nio-8080-exec-3] INFO  c.h.b.s.A.AuthenticationServiceImpl                - Attempting to register new author with username: Author
2025-Jun-11 14:05:50 [http-nio-8080-exec-3] INFO  c.h.b.s.A.AuthenticationServiceImpl                - Author registered successfully: Author
2025-Jun-11 14:06:55 [http-nio-8080-exec-5] INFO  c.h.b.s.A.AuthenticationServiceImpl                - Attempting to register new author with username: monkey
2025-Jun-11 14:06:55 [http-nio-8080-exec-5] INFO  c.h.b.s.A.AuthenticationServiceImpl                - Author registered successfully: monkey
2025-Jun-11 14:07:32 [http-nio-8080-exec-9] INFO  c.h.b.s.A.AuthenticationServiceImpl                - Attempting to register new author with username: zoro01
2025-Jun-11 14:07:32 [http-nio-8080-exec-9] INFO  c.h.b.s.A.AuthenticationServiceImpl                - Author registered successfully: zoro01
2025-Jun-11 14:08:07 [http-nio-8080-exec-10] INFO  c.h.b.s.A.AuthenticationServiceImpl                - Attempting to register new author with username: nami02
2025-Jun-11 14:08:07 [http-nio-8080-exec-10] INFO  c.h.b.s.A.AuthenticationServiceImpl                - Author registered successfully: nami02
2025-Jun-11 14:08:45 [http-nio-8080-exec-7] INFO  c.h.b.s.A.AuthenticationServiceImpl                - Attempting to register new author with username: dummyauthor1
2025-Jun-11 14:08:45 [http-nio-8080-exec-7] INFO  c.h.b.s.A.AuthenticationServiceImpl                - Author registered successfully: dummyauthor1
2025-Jun-11 14:08:53 [http-nio-8080-exec-8] INFO  c.h.b.s.A.AuthenticationServiceImpl                - Attempting login for username: AuthenticationRequestDto(username=dummyauthor1, password=Password@28)
2025-Jun-11 14:08:54 [http-nio-8080-exec-8] INFO  c.h.b.s.A.JpaUserDetailsService                    - USER DETAILSorg.springframework.security.core.userdetails.User [Username=dummyauthor1, Password=[PROTECTED], Enabled=true, AccountNonExpired=true, CredentialsNonExpired=true, AccountNonLocked=true, Granted Authorities=[ROLE_AUTHOR]]
2025-Jun-11 14:08:54 [http-nio-8080-exec-8] INFO  c.h.b.s.A.JpaUserDetailsService                    - USER DETAILSorg.springframework.security.core.userdetails.User [Username=dummyauthor1, Password=[PROTECTED], Enabled=true, AccountNonExpired=true, CredentialsNonExpired=true, AccountNonLocked=true, Granted Authorities=[ROLE_AUTHOR]]
2025-Jun-11 14:08:54 [http-nio-8080-exec-8] INFO  c.h.b.s.A.AuthenticationServiceImpl                - Login successful for user: dummyauthor1ROLE : [ROLE_AUTHOR]
2025-Jun-11 14:09:26 [http-nio-8080-exec-1] INFO  c.h.b.s.A.JpaUserDetailsService                    - USER DETAILSorg.springframework.security.core.userdetails.User [Username=dummyauthor1, Password=[PROTECTED], Enabled=true, AccountNonExpired=true, CredentialsNonExpired=true, AccountNonLocked=true, Granted Authorities=[ROLE_AUTHOR]]
2025-Jun-11 14:12:31 [http-nio-8080-exec-3] INFO  c.h.b.s.A.JpaUserDetailsService                    - USER DETAILSorg.springframework.security.core.userdetails.User [Username=dummyauthor1, Password=[PROTECTED], Enabled=true, AccountNonExpired=true, CredentialsNonExpired=true, AccountNonLocked=true, Granted Authorities=[ROLE_AUTHOR]]
2025-Jun-11 14:12:31 [http-nio-8080-exec-3] INFO  c.h.b.s.b.BookServiceImpl                          - Creating new book with title: Java edition 1
2025-Jun-11 14:12:31 [http-nio-8080-exec-3] INFO  c.h.b.s.b.BookServiceImpl                          - Assigning author with ID: 2 to the book
2025-Jun-11 14:12:31 [http-nio-8080-exec-3] INFO  c.h.b.s.b.BookServiceImpl                          - Book created successfully with ID: 1
2025-Jun-11 14:12:52 [http-nio-8080-exec-4] INFO  c.h.b.s.A.JpaUserDetailsService                    - USER DETAILSorg.springframework.security.core.userdetails.User [Username=dummyauthor1, Password=[PROTECTED], Enabled=true, AccountNonExpired=true, CredentialsNonExpired=true, AccountNonLocked=true, Granted Authorities=[ROLE_AUTHOR]]
2025-Jun-11 14:12:52 [http-nio-8080-exec-4] INFO  c.h.b.s.b.BookServiceImpl                          - Creating new book with title: Java edition 1
2025-Jun-11 14:12:52 [http-nio-8080-exec-4] INFO  c.h.b.s.b.BookServiceImpl                          - Book created successfully with ID: 2
2025-Jun-11 14:13:05 [http-nio-8080-exec-5] INFO  c.h.b.s.A.JpaUserDetailsService                    - USER DETAILSorg.springframework.security.core.userdetails.User [Username=dummyauthor1, Password=[PROTECTED], Enabled=true, AccountNonExpired=true, CredentialsNonExpired=true, AccountNonLocked=true, Granted Authorities=[ROLE_AUTHOR]]
2025-Jun-11 14:13:05 [http-nio-8080-exec-5] INFO  c.h.b.s.b.BookServiceImpl                          - Fetching all books
2025-Jun-11 14:13:25 [http-nio-8080-exec-6] INFO  c.h.b.s.A.JpaUserDetailsService                    - USER DETAILSorg.springframework.security.core.userdetails.User [Username=dummyauthor1, Password=[PROTECTED], Enabled=true, AccountNonExpired=true, CredentialsNonExpired=true, AccountNonLocked=true, Granted Authorities=[ROLE_AUTHOR]]
2025-Jun-11 14:13:25 [http-nio-8080-exec-6] INFO  c.h.b.s.b.BookServiceImpl                          - Creating new book with title: Java edition 2
2025-Jun-11 14:13:25 [http-nio-8080-exec-6] INFO  c.h.b.s.b.BookServiceImpl                          - Assigning author with ID: 3 to the book
2025-Jun-11 14:13:25 [http-nio-8080-exec-6] INFO  c.h.b.s.b.BookServiceImpl                          - Book created successfully with ID: 3
2025-Jun-11 14:13:32 [http-nio-8080-exec-9] INFO  c.h.b.s.A.JpaUserDetailsService                    - USER DETAILSorg.springframework.security.core.userdetails.User [Username=dummyauthor1, Password=[PROTECTED], Enabled=true, AccountNonExpired=true, CredentialsNonExpired=true, AccountNonLocked=true, Granted Authorities=[ROLE_AUTHOR]]
2025-Jun-11 14:13:32 [http-nio-8080-exec-9] INFO  c.h.b.s.b.BookServiceImpl                          - Creating new book with title: Java edition 3
2025-Jun-11 14:13:32 [http-nio-8080-exec-9] INFO  c.h.b.s.b.BookServiceImpl                          - Assigning author with ID: 3 to the book
2025-Jun-11 14:13:32 [http-nio-8080-exec-9] INFO  c.h.b.s.b.BookServiceImpl                          - Book created successfully with ID: 4
2025-Jun-11 14:13:59 [http-nio-8080-exec-10] INFO  c.h.b.s.A.JpaUserDetailsService                    - USER DETAILSorg.springframework.security.core.userdetails.User [Username=dummyauthor1, Password=[PROTECTED], Enabled=true, AccountNonExpired=true, CredentialsNonExpired=true, AccountNonLocked=true, Granted Authorities=[ROLE_AUTHOR]]
2025-Jun-11 14:13:59 [http-nio-8080-exec-10] INFO  c.h.b.s.b.BookServiceImpl                          - Creating new book with title: English
2025-Jun-11 14:13:59 [http-nio-8080-exec-10] INFO  c.h.b.s.b.BookServiceImpl                          - Assigning author with ID: 4 to the book
2025-Jun-11 14:13:59 [http-nio-8080-exec-10] INFO  c.h.b.s.b.BookServiceImpl                          - Book created successfully with ID: 5
2025-Jun-11 14:14:45 [http-nio-8080-exec-7] ERROR o.a.c.c.C.[.[.[.[dispatcherServlet]                - Servlet.service() for servlet [dispatcherServlet] in context with path [] threw exception
io.jsonwebtoken.ExpiredJwtException: JWT expired 525906 milliseconds ago at 2025-06-11T08:36:00.000Z. Current time: 2025-06-11T08:44:45.906Z. Allowed clock skew: 0 milliseconds.
	at io.jsonwebtoken.impl.DefaultJwtParser.parse(DefaultJwtParser.java:691) ~[jjwt-impl-0.12.6.jar:0.12.6]
	at io.jsonwebtoken.impl.DefaultJwtParser.parse(DefaultJwtParser.java:364) ~[jjwt-impl-0.12.6.jar:0.12.6]
	at io.jsonwebtoken.impl.DefaultJwtParser.parse(DefaultJwtParser.java:94) ~[jjwt-impl-0.12.6.jar:0.12.6]
	at io.jsonwebtoken.impl.io.AbstractParser.parse(AbstractParser.java:36) ~[jjwt-impl-0.12.6.jar:0.12.6]
	at io.jsonwebtoken.impl.io.AbstractParser.parse(AbstractParser.java:29) ~[jjwt-impl-0.12.6.jar:0.12.6]
	at io.jsonwebtoken.impl.DefaultJwtParser.parseSignedClaims(DefaultJwtParser.java:830) ~[jjwt-impl-0.12.6.jar:0.12.6]
	at com.hcltech.bookstore.util.JwtUtil.extractAllClaimsFromToken(JwtUtil.java:40) ~[classes/:?]
	at com.hcltech.bookstore.util.JwtUtil.extractClaimFromToken(JwtUtil.java:32) ~[classes/:?]
	at com.hcltech.bookstore.util.JwtUtil.extractUsernameFromToken(JwtUtil.java:24) ~[classes/:?]
	at com.hcltech.bookstore.filter.JwtAuthRequestFilter.doFilterInternal(JwtAuthRequestFilter.java:35) ~[classes/:?]
	at org.springframework.web.filter.OncePerRequestFilter.doFilter(OncePerRequestFilter.java:116) ~[spring-web-6.2.7.jar:6.2.7]
	at org.springframework.security.web.FilterChainProxy$VirtualFilterChain.doFilter(FilterChainProxy.java:374) ~[spring-security-web-6.5.0.jar:6.5.0]
	at org.springframework.security.web.authentication.logout.LogoutFilter.doFilter(LogoutFilter.java:107) ~[spring-security-web-6.5.0.jar:6.5.0]
	at org.springframework.security.web.authentication.logout.LogoutFilter.doFilter(LogoutFilter.java:93) ~[spring-security-web-6.5.0.jar:6.5.0]
	at org.springframework.security.web.FilterChainProxy$VirtualFilterChain.doFilter(FilterChainProxy.java:374) ~[spring-security-web-6.5.0.jar:6.5.0]
	at org.springframework.security.web.header.HeaderWriterFilter.doHeadersAfter(HeaderWriterFilter.java:90) ~[spring-security-web-6.5.0.jar:6.5.0]
	at org.springframework.security.web.header.HeaderWriterFilter.doFilterInternal(HeaderWriterFilter.java:75) ~[spring-security-web-6.5.0.jar:6.5.0]
	at org.springframework.web.filter.OncePerRequestFilter.doFilter(OncePerRequestFilter.java:116) ~[spring-web-6.2.7.jar:6.2.7]
	at org.springframework.security.web.FilterChainProxy$VirtualFilterChain.doFilter(FilterChainProxy.java:374) ~[spring-security-web-6.5.0.jar:6.5.0]
	at org.springframework.security.web.context.SecurityContextHolderFilter.doFilter(SecurityContextHolderFilter.java:82) ~[spring-security-web-6.5.0.jar:6.5.0]
	at org.springframework.security.web.context.SecurityContextHolderFilter.doFilter(SecurityContextHolderFilter.java:69) ~[spring-security-web-6.5.0.jar:6.5.0]
	at org.springframework.security.web.FilterChainProxy$VirtualFilterChain.doFilter(FilterChainProxy.java:374) ~[spring-security-web-6.5.0.jar:6.5.0]
	at org.springframework.security.web.context.request.async.WebAsyncManagerIntegrationFilter.doFilterInternal(WebAsyncManagerIntegrationFilter.java:62) ~[spring-security-web-6.5.0.jar:6.5.0]
	at org.springframework.web.filter.OncePerRequestFilter.doFilter(OncePerRequestFilter.java:116) ~[spring-web-6.2.7.jar:6.2.7]
	at org.springframework.security.web.FilterChainProxy$VirtualFilterChain.doFilter(FilterChainProxy.java:374) ~[spring-security-web-6.5.0.jar:6.5.0]
	at org.springframework.security.web.session.DisableEncodeUrlFilter.doFilterInternal(DisableEncodeUrlFilter.java:42) ~[spring-security-web-6.5.0.jar:6.5.0]
	at org.springframework.web.filter.OncePerRequestFilter.doFilter(OncePerRequestFilter.java:116) ~[spring-web-6.2.7.jar:6.2.7]
	at org.springframework.security.web.FilterChainProxy$VirtualFilterChain.doFilter(FilterChainProxy.java:374) ~[spring-security-web-6.5.0.jar:6.5.0]
	at org.springframework.security.web.FilterChainProxy.doFilterInternal(FilterChainProxy.java:233) ~[spring-security-web-6.5.0.jar:6.5.0]
	at org.springframework.security.web.FilterChainProxy.doFilter(FilterChainProxy.java:191) ~[spring-security-web-6.5.0.jar:6.5.0]
	at org.springframework.web.filter.CompositeFilter$VirtualFilterChain.doFilter(CompositeFilter.java:113) ~[spring-web-6.2.7.jar:6.2.7]
	at org.springframework.web.filter.ServletRequestPathFilter.doFilter(ServletRequestPathFilter.java:52) ~[spring-web-6.2.7.jar:6.2.7]
	at org.springframework.web.filter.CompositeFilter$VirtualFilterChain.doFilter(CompositeFilter.java:113) ~[spring-web-6.2.7.jar:6.2.7]
	at org.springframework.web.filter.CompositeFilter.doFilter(CompositeFilter.java:74) ~[spring-web-6.2.7.jar:6.2.7]
	at org.springframework.security.config.annotation.web.configuration.WebSecurityConfiguration$CompositeFilterChainProxy.doFilter(WebSecurityConfiguration.java:319) ~[spring-security-config-6.5.0.jar:6.5.0]
	at org.springframework.web.filter.CompositeFilter$VirtualFilterChain.doFilter(CompositeFilter.java:113) ~[spring-web-6.2.7.jar:6.2.7]
	at org.springframework.web.servlet.handler.HandlerMappingIntrospector.lambda$createCacheFilter$3(HandlerMappingIntrospector.java:243) ~[spring-webmvc-6.2.7.jar:6.2.7]
	at org.springframework.web.filter.CompositeFilter$VirtualFilterChain.doFilter(CompositeFilter.java:113) ~[spring-web-6.2.7.jar:6.2.7]
	at org.springframework.web.filter.CompositeFilter.doFilter(CompositeFilter.java:74) ~[spring-web-6.2.7.jar:6.2.7]
	at org.springframework.security.config.annotation.web.configuration.WebMvcSecurityConfiguration$CompositeFilterChainProxy.doFilter(WebMvcSecurityConfiguration.java:240) ~[spring-security-config-6.5.0.jar:6.5.0]
	at org.springframework.web.filter.DelegatingFilterProxy.invokeDelegate(DelegatingFilterProxy.java:362) ~[spring-web-6.2.7.jar:6.2.7]
	at org.springframework.web.filter.DelegatingFilterProxy.doFilter(DelegatingFilterProxy.java:278) ~[spring-web-6.2.7.jar:6.2.7]
	at org.apache.catalina.core.ApplicationFilterChain.internalDoFilter(ApplicationFilterChain.java:164) ~[tomcat-embed-core-10.1.41.jar:10.1.41]
	at org.apache.catalina.core.ApplicationFilterChain.doFilter(ApplicationFilterChain.java:140) ~[tomcat-embed-core-10.1.41.jar:10.1.41]
	at org.springframework.web.filter.RequestContextFilter.doFilterInternal(RequestContextFilter.java:100) ~[spring-web-6.2.7.jar:6.2.7]
	at org.springframework.web.filter.OncePerRequestFilter.doFilter(OncePerRequestFilter.java:116) ~[spring-web-6.2.7.jar:6.2.7]
	at org.apache.catalina.core.ApplicationFilterChain.internalDoFilter(ApplicationFilterChain.java:164) ~[tomcat-embed-core-10.1.41.jar:10.1.41]
	at org.apache.catalina.core.ApplicationFilterChain.doFilter(ApplicationFilterChain.java:140) ~[tomcat-embed-core-10.1.41.jar:10.1.41]
	at org.springframework.web.filter.FormContentFilter.doFilterInternal(FormContentFilter.java:93) ~[spring-web-6.2.7.jar:6.2.7]
	at org.springframework.web.filter.OncePerRequestFilter.doFilter(OncePerRequestFilter.java:116) ~[spring-web-6.2.7.jar:6.2.7]
	at org.apache.catalina.core.ApplicationFilterChain.internalDoFilter(ApplicationFilterChain.java:164) ~[tomcat-embed-core-10.1.41.jar:10.1.41]
	at org.apache.catalina.core.ApplicationFilterChain.doFilter(ApplicationFilterChain.java:140) ~[tomcat-embed-core-10.1.41.jar:10.1.41]
	at org.springframework.web.filter.CharacterEncodingFilter.doFilterInternal(CharacterEncodingFilter.java:201) ~[spring-web-6.2.7.jar:6.2.7]
	at org.springframework.web.filter.OncePerRequestFilter.doFilter(OncePerRequestFilter.java:116) ~[spring-web-6.2.7.jar:6.2.7]
	at org.apache.catalina.core.ApplicationFilterChain.internalDoFilter(ApplicationFilterChain.java:164) ~[tomcat-embed-core-10.1.41.jar:10.1.41]
	at org.apache.catalina.core.ApplicationFilterChain.doFilter(ApplicationFilterChain.java:140) ~[tomcat-embed-core-10.1.41.jar:10.1.41]
	at org.apache.catalina.core.StandardWrapperValve.invoke(StandardWrapperValve.java:167) ~[tomcat-embed-core-10.1.41.jar:10.1.41]
	at org.apache.catalina.core.StandardContextValve.invoke(StandardContextValve.java:90) ~[tomcat-embed-core-10.1.41.jar:10.1.41]
	at org.apache.catalina.authenticator.AuthenticatorBase.invoke(AuthenticatorBase.java:483) ~[tomcat-embed-core-10.1.41.jar:10.1.41]
	at org.apache.catalina.core.StandardHostValve.invoke(StandardHostValve.java:116) ~[tomcat-embed-core-10.1.41.jar:10.1.41]
	at org.apache.catalina.valves.ErrorReportValve.invoke(ErrorReportValve.java:93) ~[tomcat-embed-core-10.1.41.jar:10.1.41]
	at org.apache.catalina.core.StandardEngineValve.invoke(StandardEngineValve.java:74) ~[tomcat-embed-core-10.1.41.jar:10.1.41]
	at org.apache.catalina.connector.CoyoteAdapter.service(CoyoteAdapter.java:344) ~[tomcat-embed-core-10.1.41.jar:10.1.41]
	at org.apache.coyote.http11.Http11Processor.service(Http11Processor.java:398) ~[tomcat-embed-core-10.1.41.jar:10.1.41]
	at org.apache.coyote.AbstractProcessorLight.process(AbstractProcessorLight.java:63) ~[tomcat-embed-core-10.1.41.jar:10.1.41]
	at org.apache.coyote.AbstractProtocol$ConnectionHandler.process(AbstractProtocol.java:903) ~[tomcat-embed-core-10.1.41.jar:10.1.41]
	at org.apache.tomcat.util.net.NioEndpoint$SocketProcessor.doRun(NioEndpoint.java:1740) ~[tomcat-embed-core-10.1.41.jar:10.1.41]
	at org.apache.tomcat.util.net.SocketProcessorBase.run(SocketProcessorBase.java:52) ~[tomcat-embed-core-10.1.41.jar:10.1.41]
	at org.apache.tomcat.util.threads.ThreadPoolExecutor.runWorker(ThreadPoolExecutor.java:1189) ~[tomcat-embed-core-10.1.41.jar:10.1.41]
	at org.apache.tomcat.util.threads.ThreadPoolExecutor$Worker.run(ThreadPoolExecutor.java:658) ~[tomcat-embed-core-10.1.41.jar:10.1.41]
	at org.apache.tomcat.util.threads.TaskThread$WrappingRunnable.run(TaskThread.java:63) ~[tomcat-embed-core-10.1.41.jar:10.1.41]
	at java.base/java.lang.Thread.run(Thread.java:1583) [?:?]
2025-Jun-11 14:14:55 [http-nio-8080-exec-8] INFO  c.h.b.s.A.AuthenticationServiceImpl                - Attempting to register new customer with username: customer2
2025-Jun-11 14:14:55 [http-nio-8080-exec-8] INFO  c.h.b.s.A.AuthenticationServiceImpl                - Customer registered successfully: Customer(name=Customer 2, purchasedBooks=null)
2025-Jun-11 14:14:55 [http-nio-8080-exec-8] INFO  c.h.b.s.A.AuthenticationServiceImpl                - Customer response DTO created: CustomerResponseDTO(username=customer2, name=Customer 2, roles=[CUSTOMER])
2025-Jun-11 14:15:30 [http-nio-8080-exec-2] INFO  c.h.b.s.A.AuthenticationServiceImpl                - Attempting login for username: AuthenticationRequestDto(username=customer2, password=Password@28)
2025-Jun-11 14:15:30 [http-nio-8080-exec-2] INFO  c.h.b.s.A.JpaUserDetailsService                    - USER DETAILSorg.springframework.security.core.userdetails.User [Username=customer2, Password=[PROTECTED], Enabled=true, AccountNonExpired=true, CredentialsNonExpired=true, AccountNonLocked=true, Granted Authorities=[ROLE_CUSTOMER]]
2025-Jun-11 14:15:30 [http-nio-8080-exec-2] INFO  c.h.b.s.A.JpaUserDetailsService                    - USER DETAILSorg.springframework.security.core.userdetails.User [Username=customer2, Password=[PROTECTED], Enabled=true, AccountNonExpired=true, CredentialsNonExpired=true, AccountNonLocked=true, Granted Authorities=[ROLE_CUSTOMER]]
2025-Jun-11 14:15:30 [http-nio-8080-exec-2] INFO  c.h.b.s.A.AuthenticationServiceImpl                - Login successful for user: customer2ROLE : [ROLE_CUSTOMER]
2025-Jun-11 14:15:45 [http-nio-8080-exec-3] INFO  c.h.b.s.A.JpaUserDetailsService                    - USER DETAILSorg.springframework.security.core.userdetails.User [Username=customer2, Password=[PROTECTED], Enabled=true, AccountNonExpired=true, CredentialsNonExpired=true, AccountNonLocked=true, Granted Authorities=[ROLE_CUSTOMER]]
2025-Jun-11 14:15:45 [http-nio-8080-exec-3] INFO  c.h.b.s.b.BookServiceImpl                          - Fetching all books
2025-Jun-11 14:15:58 [http-nio-8080-exec-4] INFO  c.h.b.s.A.JpaUserDetailsService                    - USER DETAILSorg.springframework.security.core.userdetails.User [Username=customer2, Password=[PROTECTED], Enabled=true, AccountNonExpired=true, CredentialsNonExpired=true, AccountNonLocked=true, Granted Authorities=[ROLE_CUSTOMER]]
2025-Jun-11 14:16:14 [http-nio-8080-exec-5] INFO  c.h.b.s.A.JpaUserDetailsService                    - USER DETAILSorg.springframework.security.core.userdetails.User [Username=customer2, Password=[PROTECTED], Enabled=true, AccountNonExpired=true, CredentialsNonExpired=true, AccountNonLocked=true, Granted Authorities=[ROLE_CUSTOMER]]
2025-Jun-11 15:17:24 [http-nio-8080-exec-9] INFO  c.h.b.s.A.JpaUserDetailsService                    - USER DETAILSorg.springframework.security.core.userdetails.User [Username=dummyauthor1, Password=[PROTECTED], Enabled=true, AccountNonExpired=true, CredentialsNonExpired=true, AccountNonLocked=true, Granted Authorities=[ROLE_AUTHOR]]
2025-Jun-11 15:17:32 [SpringApplicationShutdownHook] INFO  o.s.b.w.e.t.GracefulShutdown                       - Commencing graceful shutdown. Waiting for active requests to complete
2025-Jun-11 15:17:32 [tomcat-shutdown] INFO  o.s.b.w.e.t.GracefulShutdown                       - Graceful shutdown complete
2025-Jun-11 15:17:32 [SpringApplicationShutdownHook] INFO  o.s.o.j.LocalContainerEntityManagerFactoryBean     - Closing JPA EntityManagerFactory for persistence unit 'default'
2025-Jun-11 15:17:32 [SpringApplicationShutdownHook] INFO  c.z.h.HikariDataSource                             - HikariPool-1 - Shutdown initiated...
2025-Jun-11 15:17:32 [SpringApplicationShutdownHook] INFO  c.z.h.HikariDataSource                             - HikariPool-1 - Shutdown completed.
2025-Jun-11 15:17:42 [background-preinit] INFO  o.h.v.i.u.Version                                  - HV000001: Hibernate Validator 8.0.2.Final
2025-Jun-11 15:17:42 [main] INFO  c.h.b.BookstoreApplication                         - Starting BookstoreApplication using Java 21.0.4 with PID 24056 (C:\Users\abishekprabhu.kannan\Downloads\Java_Projects\bookstore-test\bookstore\target\classes started by abishekprabhu.kannan in C:\Users\abishekprabhu.kannan\Downloads\Java_Projects\bookstore-test\bookstore)
2025-Jun-11 15:17:42 [main] INFO  c.h.b.BookstoreApplication                         - The following 1 profile is active: "dev"
2025-Jun-11 15:17:45 [main] INFO  o.s.d.r.c.RepositoryConfigurationDelegate          - Bootstrapping Spring Data JPA repositories in DEFAULT mode.
2025-Jun-11 15:17:45 [main] INFO  o.s.d.r.c.RepositoryConfigurationDelegate          - Finished Spring Data repository scanning in 248 ms. Found 5 JPA repository interfaces.
2025-Jun-11 15:17:47 [main] INFO  o.s.b.w.e.t.TomcatWebServer                        - Tomcat initialized with port 8080 (http)
2025-Jun-11 15:17:47 [main] INFO  o.a.c.h.Http11NioProtocol                          - Initializing ProtocolHandler ["http-nio-8080"]
2025-Jun-11 15:17:47 [main] INFO  o.a.c.c.StandardService                            - Starting service [Tomcat]
2025-Jun-11 15:17:47 [main] INFO  o.a.c.c.StandardEngine                             - Starting Servlet engine: [Apache Tomcat/10.1.41]
2025-Jun-11 15:17:47 [main] INFO  o.a.c.c.C.[.[.[/]                                  - Initializing Spring embedded WebApplicationContext
2025-Jun-11 15:17:47 [main] INFO  o.s.b.w.s.c.ServletWebServerApplicationContext     - Root WebApplicationContext: initialization completed in 4656 ms
2025-Jun-11 15:17:48 [main] INFO  o.h.j.i.u.LogHelper                                - HHH000204: Processing PersistenceUnitInfo [name: default]
2025-Jun-11 15:17:48 [main] INFO  o.h.Version                                        - HHH000412: Hibernate ORM core version 6.6.15.Final
2025-Jun-11 15:17:48 [main] INFO  o.h.c.i.RegionFactoryInitiator                     - HHH000026: Second-level cache disabled
2025-Jun-11 15:17:49 [main] INFO  o.s.o.j.p.SpringPersistenceUnitInfo                - No LoadTimeWeaver setup: ignoring JPA class transformer
2025-Jun-11 15:17:49 [main] INFO  c.z.h.HikariDataSource                             - HikariPool-1 - Starting...
2025-Jun-11 15:17:50 [main] INFO  c.z.h.p.HikariPool                                 - HikariPool-1 - Added connection org.postgresql.jdbc.PgConnection@83e635f
2025-Jun-11 15:17:50 [main] INFO  c.z.h.HikariDataSource                             - HikariPool-1 - Start completed.
2025-Jun-11 15:17:50 [main] INFO  o.h.o.c.pooling                                    - HHH10001005: Database info:
	Database JDBC URL [Connecting through datasource 'HikariDataSource (HikariPool-1)']
	Database driver: undefined/unknown
	Database version: 16.4
	Autocommit mode: undefined/unknown
	Isolation level: undefined/unknown
	Minimum pool size: undefined/unknown
	Maximum pool size: undefined/unknown
2025-Jun-11 15:17:54 [main] INFO  o.h.e.t.j.p.i.JtaPlatformInitiator                 - HHH000489: No JTA platform available (set 'hibernate.transaction.jta.platform' to enable JTA platform integration)
2025-Jun-11 15:17:54 [main] INFO  o.s.o.j.LocalContainerEntityManagerFactoryBean     - Initialized JPA EntityManagerFactory for persistence unit 'default'
2025-Jun-11 15:17:55 [main] DEBUG o.s.c.e.PropertySourcesPropertyResolver            - Found key 'JWT_SECRET_KEY' in PropertySource 'environmentProperties' with value of type String
2025-Jun-11 15:17:56 [main] INFO  o.s.s.c.a.a.c.InitializeAuthenticationProviderBeanManagerConfigurer$InitializeAuthenticationProviderManagerConfigurer - Global AuthenticationManager configured with AuthenticationProvider bean with name authenticationProvider
2025-Jun-11 15:17:56 [main] WARN  o.s.s.c.a.a.c.InitializeUserDetailsBeanManagerConfigurer$InitializeUserDetailsManagerConfigurer - Global AuthenticationManager configured with an AuthenticationProvider bean. UserDetailsService beans will not be used by Spring Security for automatically configuring username/password login. Consider removing the AuthenticationProvider bean. Alternatively, consider using the UserDetailsService in a manually instantiated DaoAuthenticationProvider. If the current configuration is intentional, to turn off this warning, increase the logging level of 'org.springframework.security.config.annotation.authentication.configuration.InitializeUserDetailsBeanManagerConfigurer' to ERROR
2025-Jun-11 15:17:57 [main] WARN  o.s.b.a.o.j.JpaBaseConfiguration$JpaWebConfiguration - spring.jpa.open-in-view is enabled by default. Therefore, database queries may be performed during view rendering. Explicitly configure spring.jpa.open-in-view to disable this warning
2025-Jun-11 15:17:59 [main] INFO  o.a.c.h.Http11NioProtocol                          - Starting ProtocolHandler ["http-nio-8080"]
2025-Jun-11 15:17:59 [main] INFO  o.s.b.w.e.t.TomcatWebServer                        - Tomcat started on port 8080 (http) with context path '/'
2025-Jun-11 15:17:59 [main] INFO  c.h.b.BookstoreApplication                         - Started BookstoreApplication in 17.713 seconds (process running for 20.515)
2025-Jun-11 15:18:06 [http-nio-8080-exec-1] INFO  o.a.c.c.C.[.[.[/]                                  - Initializing Spring DispatcherServlet 'dispatcherServlet'
2025-Jun-11 15:18:06 [http-nio-8080-exec-1] INFO  o.s.w.s.DispatcherServlet                          - Initializing Servlet 'dispatcherServlet'
2025-Jun-11 15:18:06 [http-nio-8080-exec-1] INFO  o.s.w.s.DispatcherServlet                          - Completed initialization in 0 ms
2025-Jun-11 15:18:07 [http-nio-8080-exec-1] INFO  c.h.b.s.A.JpaUserDetailsService                    - USER DETAILSorg.springframework.security.core.userdetails.User [Username=dummyauthor1, Password=[PROTECTED], Enabled=true, AccountNonExpired=true, CredentialsNonExpired=true, AccountNonLocked=true, Granted Authorities=[ROLE_AUTHOR]]
2025-Jun-11 15:18:07 [http-nio-8080-exec-1] INFO  c.h.b.s.A.AuthenticationServiceImpl                - Attempting to register new author with username: dummyauthor2
2025-Jun-11 15:18:07 [http-nio-8080-exec-1] INFO  c.h.b.s.A.AuthenticationServiceImpl                - Author registered successfully: dummyauthor2
2025-Jun-11 15:19:01 [http-nio-8080-exec-2] INFO  c.h.b.s.A.JpaUserDetailsService                    - USER DETAILSorg.springframework.security.core.userdetails.User [Username=dummyauthor1, Password=[PROTECTED], Enabled=true, AccountNonExpired=true, CredentialsNonExpired=true, AccountNonLocked=true, Granted Authorities=[ROLE_AUTHOR]]
2025-Jun-11 15:19:21 [http-nio-8080-exec-3] INFO  c.h.b.s.A.JpaUserDetailsService                    - USER DETAILSorg.springframework.security.core.userdetails.User [Username=dummyauthor1, Password=[PROTECTED], Enabled=true, AccountNonExpired=true, CredentialsNonExpired=true, AccountNonLocked=true, Granted Authorities=[ROLE_AUTHOR]]
2025-Jun-11 15:19:22 [http-nio-8080-exec-3] INFO  c.h.b.s.b.BookServiceImpl                          - Creating new book with title: English
2025-Jun-11 15:19:22 [http-nio-8080-exec-3] INFO  c.h.b.s.b.BookServiceImpl                          - Assigning author with ID: 4 to the book
2025-Jun-11 15:19:22 [http-nio-8080-exec-3] INFO  c.h.b.s.b.BookServiceImpl                          - Book created successfully with ID: 6
2025-Jun-11 15:19:41 [http-nio-8080-exec-4] INFO  c.h.b.s.A.JpaUserDetailsService                    - USER DETAILSorg.springframework.security.core.userdetails.User [Username=dummyauthor1, Password=[PROTECTED], Enabled=true, AccountNonExpired=true, CredentialsNonExpired=true, AccountNonLocked=true, Granted Authorities=[ROLE_AUTHOR]]
2025-Jun-11 15:19:41 [http-nio-8080-exec-4] INFO  c.h.b.s.b.BookServiceImpl                          - Fetching book with ID: 1
2025-Jun-11 15:20:04 [http-nio-8080-exec-5] INFO  c.h.b.s.A.JpaUserDetailsService                    - USER DETAILSorg.springframework.security.core.userdetails.User [Username=dummyauthor1, Password=[PROTECTED], Enabled=true, AccountNonExpired=true, CredentialsNonExpired=true, AccountNonLocked=true, Granted Authorities=[ROLE_AUTHOR]]
2025-Jun-11 15:20:16 [http-nio-8080-exec-6] INFO  c.h.b.s.A.JpaUserDetailsService                    - USER DETAILSorg.springframework.security.core.userdetails.User [Username=dummyauthor1, Password=[PROTECTED], Enabled=true, AccountNonExpired=true, CredentialsNonExpired=true, AccountNonLocked=true, Granted Authorities=[ROLE_AUTHOR]]
2025-Jun-11 15:20:16 [http-nio-8080-exec-6] INFO  c.h.b.s.b.BookServiceImpl                          - Creating new book with title: English
2025-Jun-11 15:20:16 [http-nio-8080-exec-6] INFO  c.h.b.s.b.BookServiceImpl                          - Book created successfully with ID: 7
2025-Jun-11 15:24:40 [http-nio-8080-exec-8] INFO  c.h.b.s.A.JpaUserDetailsService                    - USER DETAILSorg.springframework.security.core.userdetails.User [Username=dummyauthor1, Password=[PROTECTED], Enabled=true, AccountNonExpired=true, CredentialsNonExpired=true, AccountNonLocked=true, Granted Authorities=[ROLE_AUTHOR]]
2025-Jun-11 15:24:49 [http-nio-8080-exec-9] INFO  c.h.b.s.A.JpaUserDetailsService                    - USER DETAILSorg.springframework.security.core.userdetails.User [Username=dummyauthor1, Password=[PROTECTED], Enabled=true, AccountNonExpired=true, CredentialsNonExpired=true, AccountNonLocked=true, Granted Authorities=[ROLE_AUTHOR]]
2025-Jun-11 15:25:06 [http-nio-8080-exec-10] INFO  c.h.b.s.A.JpaUserDetailsService                    - USER DETAILSorg.springframework.security.core.userdetails.User [Username=dummyauthor1, Password=[PROTECTED], Enabled=true, AccountNonExpired=true, CredentialsNonExpired=true, AccountNonLocked=true, Granted Authorities=[ROLE_AUTHOR]]
2025-Jun-11 15:25:12 [http-nio-8080-exec-1] INFO  c.h.b.s.A.JpaUserDetailsService                    - USER DETAILSorg.springframework.security.core.userdetails.User [Username=dummyauthor1, Password=[PROTECTED], Enabled=true, AccountNonExpired=true, CredentialsNonExpired=true, AccountNonLocked=true, Granted Authorities=[ROLE_AUTHOR]]
2025-Jun-11 15:25:45 [http-nio-8080-exec-2] INFO  c.h.b.s.A.JpaUserDetailsService                    - USER DETAILSorg.springframework.security.core.userdetails.User [Username=dummyauthor1, Password=[PROTECTED], Enabled=true, AccountNonExpired=true, CredentialsNonExpired=true, AccountNonLocked=true, Granted Authorities=[ROLE_AUTHOR]]
2025-Jun-11 15:26:32 [http-nio-8080-exec-3] INFO  c.h.b.s.A.JpaUserDetailsService                    - USER DETAILSorg.springframework.security.core.userdetails.User [Username=dummyauthor1, Password=[PROTECTED], Enabled=true, AccountNonExpired=true, CredentialsNonExpired=true, AccountNonLocked=true, Granted Authorities=[ROLE_AUTHOR]]
2025-Jun-11 15:26:32 [http-nio-8080-exec-3] INFO  c.h.b.s.b.BookServiceImpl                          - Fetching all books
2025-Jun-11 15:27:15 [http-nio-8080-exec-4] INFO  c.h.b.s.A.JpaUserDetailsService                    - USER DETAILSorg.springframework.security.core.userdetails.User [Username=dummyauthor1, Password=[PROTECTED], Enabled=true, AccountNonExpired=true, CredentialsNonExpired=true, AccountNonLocked=true, Granted Authorities=[ROLE_AUTHOR]]
2025-Jun-11 15:27:31 [http-nio-8080-exec-5] INFO  c.h.b.s.A.JpaUserDetailsService                    - USER DETAILSorg.springframework.security.core.userdetails.User [Username=dummyauthor1, Password=[PROTECTED], Enabled=true, AccountNonExpired=true, CredentialsNonExpired=true, AccountNonLocked=true, Granted Authorities=[ROLE_AUTHOR]]
2025-Jun-11 15:27:35 [http-nio-8080-exec-6] INFO  c.h.b.s.A.JpaUserDetailsService                    - USER DETAILSorg.springframework.security.core.userdetails.User [Username=dummyauthor1, Password=[PROTECTED], Enabled=true, AccountNonExpired=true, CredentialsNonExpired=true, AccountNonLocked=true, Granted Authorities=[ROLE_AUTHOR]]
2025-Jun-11 15:27:43 [http-nio-8080-exec-7] INFO  c.h.b.s.A.JpaUserDetailsService                    - USER DETAILSorg.springframework.security.core.userdetails.User [Username=dummyauthor1, Password=[PROTECTED], Enabled=true, AccountNonExpired=true, CredentialsNonExpired=true, AccountNonLocked=true, Granted Authorities=[ROLE_AUTHOR]]
2025-Jun-11 15:28:04 [http-nio-8080-exec-8] INFO  c.h.b.s.A.JpaUserDetailsService                    - USER DETAILSorg.springframework.security.core.userdetails.User [Username=dummyauthor1, Password=[PROTECTED], Enabled=true, AccountNonExpired=true, CredentialsNonExpired=true, AccountNonLocked=true, Granted Authorities=[ROLE_AUTHOR]]
2025-Jun-11 15:28:27 [http-nio-8080-exec-9] INFO  c.h.b.s.A.JpaUserDetailsService                    - USER DETAILSorg.springframework.security.core.userdetails.User [Username=dummyauthor1, Password=[PROTECTED], Enabled=true, AccountNonExpired=true, CredentialsNonExpired=true, AccountNonLocked=true, Granted Authorities=[ROLE_AUTHOR]]
2025-Jun-11 15:29:05 [http-nio-8080-exec-10] INFO  c.h.b.s.A.JpaUserDetailsService                    - USER DETAILSorg.springframework.security.core.userdetails.User [Username=dummyauthor1, Password=[PROTECTED], Enabled=true, AccountNonExpired=true, CredentialsNonExpired=true, AccountNonLocked=true, Granted Authorities=[ROLE_AUTHOR]]
2025-Jun-11 15:30:10 [http-nio-8080-exec-2] INFO  c.h.b.s.A.JpaUserDetailsService                    - USER DETAILSorg.springframework.security.core.userdetails.User [Username=dummyauthor1, Password=[PROTECTED], Enabled=true, AccountNonExpired=true, CredentialsNonExpired=true, AccountNonLocked=true, Granted Authorities=[ROLE_AUTHOR]]
2025-Jun-11 15:30:23 [http-nio-8080-exec-3] INFO  c.h.b.s.A.JpaUserDetailsService                    - USER DETAILSorg.springframework.security.core.userdetails.User [Username=dummyauthor1, Password=[PROTECTED], Enabled=true, AccountNonExpired=true, CredentialsNonExpired=true, AccountNonLocked=true, Granted Authorities=[ROLE_AUTHOR]]
2025-Jun-11 15:31:30 [http-nio-8080-exec-5] INFO  c.h.b.s.A.JpaUserDetailsService                    - USER DETAILSorg.springframework.security.core.userdetails.User [Username=dummyauthor1, Password=[PROTECTED], Enabled=true, AccountNonExpired=true, CredentialsNonExpired=true, AccountNonLocked=true, Granted Authorities=[ROLE_AUTHOR]]
2025-Jun-11 15:31:49 [http-nio-8080-exec-6] INFO  c.h.b.s.A.JpaUserDetailsService                    - USER DETAILSorg.springframework.security.core.userdetails.User [Username=dummyauthor1, Password=[PROTECTED], Enabled=true, AccountNonExpired=true, CredentialsNonExpired=true, AccountNonLocked=true, Granted Authorities=[ROLE_AUTHOR]]
2025-Jun-11 15:32:42 [http-nio-8080-exec-7] INFO  c.h.b.s.A.JpaUserDetailsService                    - USER DETAILSorg.springframework.security.core.userdetails.User [Username=dummyauthor1, Password=[PROTECTED], Enabled=true, AccountNonExpired=true, CredentialsNonExpired=true, AccountNonLocked=true, Granted Authorities=[ROLE_AUTHOR]]
2025-Jun-11 15:33:09 [http-nio-8080-exec-8] INFO  c.h.b.s.A.JpaUserDetailsService                    - USER DETAILSorg.springframework.security.core.userdetails.User [Username=dummyauthor1, Password=[PROTECTED], Enabled=true, AccountNonExpired=true, CredentialsNonExpired=true, AccountNonLocked=true, Granted Authorities=[ROLE_AUTHOR]]
2025-Jun-11 15:34:35 [http-nio-8080-exec-10] INFO  c.h.b.s.A.JpaUserDetailsService                    - USER DETAILSorg.springframework.security.core.userdetails.User [Username=customer2, Password=[PROTECTED], Enabled=true, AccountNonExpired=true, CredentialsNonExpired=true, AccountNonLocked=true, Granted Authorities=[ROLE_CUSTOMER]]
2025-Jun-11 15:34:35 [http-nio-8080-exec-10] INFO  c.h.b.s.A.AuthenticationServiceImpl                - Attempting to register new customer with username: customer3
2025-Jun-11 15:34:35 [http-nio-8080-exec-10] INFO  c.h.b.s.A.AuthenticationServiceImpl                - Customer registered successfully: Customer(name=Customer 2, purchasedBooks=null)
2025-Jun-11 15:34:35 [http-nio-8080-exec-10] INFO  c.h.b.s.A.AuthenticationServiceImpl                - Customer response DTO created: CustomerResponseDTO(username=customer3, name=Customer 2, roles=[CUSTOMER])
2025-Jun-11 15:34:39 [http-nio-8080-exec-1] INFO  c.h.b.s.A.JpaUserDetailsService                    - USER DETAILSorg.springframework.security.core.userdetails.User [Username=customer2, Password=[PROTECTED], Enabled=true, AccountNonExpired=true, CredentialsNonExpired=true, AccountNonLocked=true, Granted Authorities=[ROLE_CUSTOMER]]
2025-Jun-11 15:34:39 [http-nio-8080-exec-1] INFO  c.h.b.s.A.AuthenticationServiceImpl                - Attempting to register new customer with username: customer3
2025-Jun-11 15:34:39 [http-nio-8080-exec-1] WARN  o.h.e.j.s.SqlExceptionHelper                       - SQL Error: 0, SQLState: 23505
2025-Jun-11 15:34:39 [http-nio-8080-exec-1] ERROR o.h.e.j.s.SqlExceptionHelper                       - ERROR: duplicate key value violates unique constraint "ukr43af9ap4edm43mmtq01oddj6"
  Detail: Key (username)=(customer3) already exists.
2025-Jun-11 15:35:18 [http-nio-8080-exec-2] INFO  c.h.b.s.A.JpaUserDetailsService                    - USER DETAILSorg.springframework.security.core.userdetails.User [Username=customer2, Password=[PROTECTED], Enabled=true, AccountNonExpired=true, CredentialsNonExpired=true, AccountNonLocked=true, Granted Authorities=[ROLE_CUSTOMER]]
2025-Jun-11 15:35:29 [http-nio-8080-exec-3] INFO  c.h.b.s.A.JpaUserDetailsService                    - USER DETAILSorg.springframework.security.core.userdetails.User [Username=customer2, Password=[PROTECTED], Enabled=true, AccountNonExpired=true, CredentialsNonExpired=true, AccountNonLocked=true, Granted Authorities=[ROLE_CUSTOMER]]
2025-Jun-11 15:35:29 [http-nio-8080-exec-3] INFO  c.h.b.s.b.BookServiceImpl                          - Fetching all books
2025-Jun-11 15:36:01 [http-nio-8080-exec-4] INFO  c.h.b.s.A.JpaUserDetailsService                    - USER DETAILSorg.springframework.security.core.userdetails.User [Username=customer2, Password=[PROTECTED], Enabled=true, AccountNonExpired=true, CredentialsNonExpired=true, AccountNonLocked=true, Granted Authorities=[ROLE_CUSTOMER]]
2025-Jun-11 15:36:07 [http-nio-8080-exec-5] INFO  c.h.b.s.A.JpaUserDetailsService                    - USER DETAILSorg.springframework.security.core.userdetails.User [Username=customer2, Password=[PROTECTED], Enabled=true, AccountNonExpired=true, CredentialsNonExpired=true, AccountNonLocked=true, Granted Authorities=[ROLE_CUSTOMER]]
2025-Jun-11 15:36:16 [http-nio-8080-exec-6] INFO  c.h.b.s.A.JpaUserDetailsService                    - USER DETAILSorg.springframework.security.core.userdetails.User [Username=customer2, Password=[PROTECTED], Enabled=true, AccountNonExpired=true, CredentialsNonExpired=true, AccountNonLocked=true, Granted Authorities=[ROLE_CUSTOMER]]
2025-Jun-11 15:36:24 [http-nio-8080-exec-7] INFO  c.h.b.s.A.JpaUserDetailsService                    - USER DETAILSorg.springframework.security.core.userdetails.User [Username=customer2, Password=[PROTECTED], Enabled=true, AccountNonExpired=true, CredentialsNonExpired=true, AccountNonLocked=true, Granted Authorities=[ROLE_CUSTOMER]]
2025-Jun-11 15:36:37 [http-nio-8080-exec-8] INFO  c.h.b.s.A.JpaUserDetailsService                    - USER DETAILSorg.springframework.security.core.userdetails.User [Username=customer2, Password=[PROTECTED], Enabled=true, AccountNonExpired=true, CredentialsNonExpired=true, AccountNonLocked=true, Granted Authorities=[ROLE_CUSTOMER]]
2025-Jun-11 15:36:37 [http-nio-8080-exec-8] INFO  c.h.b.s.b.BookServiceImpl                          - Fetching all books
2025-Jun-11 15:36:54 [http-nio-8080-exec-9] INFO  c.h.b.s.A.JpaUserDetailsService                    - USER DETAILSorg.springframework.security.core.userdetails.User [Username=customer2, Password=[PROTECTED], Enabled=true, AccountNonExpired=true, CredentialsNonExpired=true, AccountNonLocked=true, Granted Authorities=[ROLE_CUSTOMER]]
2025-Jun-11 15:37:02 [http-nio-8080-exec-10] INFO  c.h.b.s.A.JpaUserDetailsService                    - USER DETAILSorg.springframework.security.core.userdetails.User [Username=customer2, Password=[PROTECTED], Enabled=true, AccountNonExpired=true, CredentialsNonExpired=true, AccountNonLocked=true, Granted Authorities=[ROLE_CUSTOMER]]
2025-Jun-11 15:37:25 [http-nio-8080-exec-1] INFO  c.h.b.s.A.JpaUserDetailsService                    - USER DETAILSorg.springframework.security.core.userdetails.User [Username=customer2, Password=[PROTECTED], Enabled=true, AccountNonExpired=true, CredentialsNonExpired=true, AccountNonLocked=true, Granted Authorities=[ROLE_CUSTOMER]]
2025-Jun-11 15:37:37 [http-nio-8080-exec-2] INFO  c.h.b.s.A.JpaUserDetailsService                    - USER DETAILSorg.springframework.security.core.userdetails.User [Username=customer2, Password=[PROTECTED], Enabled=true, AccountNonExpired=true, CredentialsNonExpired=true, AccountNonLocked=true, Granted Authorities=[ROLE_CUSTOMER]]
2025-Jun-11 15:37:37 [http-nio-8080-exec-2] INFO  c.h.b.s.b.BookServiceImpl                          - Fetching all books
2025-Jun-11 15:37:51 [http-nio-8080-exec-3] INFO  c.h.b.s.A.JpaUserDetailsService                    - USER DETAILSorg.springframework.security.core.userdetails.User [Username=dummyauthor1, Password=[PROTECTED], Enabled=true, AccountNonExpired=true, CredentialsNonExpired=true, AccountNonLocked=true, Granted Authorities=[ROLE_AUTHOR]]
2025-Jun-11 15:37:51 [http-nio-8080-exec-3] INFO  c.h.b.s.b.BookServiceImpl                          - Fetching book with ID: 1
2025-Jun-11 16:05:06 [SpringApplicationShutdownHook] INFO  o.s.b.w.e.t.GracefulShutdown                       - Commencing graceful shutdown. Waiting for active requests to complete
2025-Jun-11 16:05:06 [tomcat-shutdown] INFO  o.s.b.w.e.t.GracefulShutdown                       - Graceful shutdown complete
2025-Jun-11 16:05:06 [SpringApplicationShutdownHook] INFO  o.s.o.j.LocalContainerEntityManagerFactoryBean     - Closing JPA EntityManagerFactory for persistence unit 'default'
2025-Jun-11 16:05:06 [SpringApplicationShutdownHook] INFO  c.z.h.HikariDataSource                             - HikariPool-1 - Shutdown initiated...
2025-Jun-11 16:05:06 [SpringApplicationShutdownHook] INFO  c.z.h.HikariDataSource                             - HikariPool-1 - Shutdown completed.
2025-Jun-11 16:05:09 [background-preinit] INFO  o.h.v.i.u.Version                                  - HV000001: Hibernate Validator 8.0.2.Final
2025-Jun-11 16:05:10 [main] INFO  c.h.b.BookstoreApplication                         - Starting BookstoreApplication using Java 21.0.4 with PID 32836 (C:\Users\abishekprabhu.kannan\Downloads\Java_Projects\bookstore-test\bookstore\target\classes started by abishekprabhu.kannan in C:\Users\abishekprabhu.kannan\Downloads\Java_Projects\bookstore-test\bookstore)
2025-Jun-11 16:05:10 [main] INFO  c.h.b.BookstoreApplication                         - The following 1 profile is active: "dev"
2025-Jun-11 16:05:12 [main] INFO  o.s.d.r.c.RepositoryConfigurationDelegate          - Bootstrapping Spring Data JPA repositories in DEFAULT mode.
2025-Jun-11 16:05:12 [main] INFO  o.s.d.r.c.RepositoryConfigurationDelegate          - Finished Spring Data repository scanning in 202 ms. Found 5 JPA repository interfaces.
2025-Jun-11 16:05:13 [main] INFO  o.s.b.w.e.t.TomcatWebServer                        - Tomcat initialized with port 8080 (http)
2025-Jun-11 16:05:13 [main] INFO  o.a.c.h.Http11NioProtocol                          - Initializing ProtocolHandler ["http-nio-8080"]
2025-Jun-11 16:05:13 [main] INFO  o.a.c.c.StandardService                            - Starting service [Tomcat]
2025-Jun-11 16:05:13 [main] INFO  o.a.c.c.StandardEngine                             - Starting Servlet engine: [Apache Tomcat/10.1.41]
2025-Jun-11 16:05:13 [main] INFO  o.a.c.c.C.[.[.[/]                                  - Initializing Spring embedded WebApplicationContext
2025-Jun-11 16:05:13 [main] INFO  o.s.b.w.s.c.ServletWebServerApplicationContext     - Root WebApplicationContext: initialization completed in 3473 ms
2025-Jun-11 16:05:13 [main] INFO  o.h.j.i.u.LogHelper                                - HHH000204: Processing PersistenceUnitInfo [name: default]
2025-Jun-11 16:05:13 [main] INFO  o.h.Version                                        - HHH000412: Hibernate ORM core version 6.6.15.Final
2025-Jun-11 16:05:14 [main] INFO  o.h.c.i.RegionFactoryInitiator                     - HHH000026: Second-level cache disabled
2025-Jun-11 16:05:14 [main] INFO  o.s.o.j.p.SpringPersistenceUnitInfo                - No LoadTimeWeaver setup: ignoring JPA class transformer
2025-Jun-11 16:05:14 [main] INFO  c.z.h.HikariDataSource                             - HikariPool-1 - Starting...
2025-Jun-11 16:05:15 [main] INFO  c.z.h.p.HikariPool                                 - HikariPool-1 - Added connection org.postgresql.jdbc.PgConnection@1a06602f
2025-Jun-11 16:05:15 [main] INFO  c.z.h.HikariDataSource                             - HikariPool-1 - Start completed.
2025-Jun-11 16:05:15 [main] INFO  o.h.o.c.pooling                                    - HHH10001005: Database info:
	Database JDBC URL [Connecting through datasource 'HikariDataSource (HikariPool-1)']
	Database driver: undefined/unknown
	Database version: 16.4
	Autocommit mode: undefined/unknown
	Isolation level: undefined/unknown
	Minimum pool size: undefined/unknown
	Maximum pool size: undefined/unknown
2025-Jun-11 16:05:17 [main] INFO  o.h.e.t.j.p.i.JtaPlatformInitiator                 - HHH000489: No JTA platform available (set 'hibernate.transaction.jta.platform' to enable JTA platform integration)
2025-Jun-11 16:05:17 [main] INFO  o.s.o.j.LocalContainerEntityManagerFactoryBean     - Initialized JPA EntityManagerFactory for persistence unit 'default'
2025-Jun-11 16:05:18 [main] DEBUG o.s.c.e.PropertySourcesPropertyResolver            - Found key 'JWT_SECRET_KEY' in PropertySource 'environmentProperties' with value of type String
2025-Jun-11 16:05:18 [main] INFO  o.s.s.c.a.a.c.InitializeAuthenticationProviderBeanManagerConfigurer$InitializeAuthenticationProviderManagerConfigurer - Global AuthenticationManager configured with AuthenticationProvider bean with name authenticationProvider
2025-Jun-11 16:05:18 [main] WARN  o.s.s.c.a.a.c.InitializeUserDetailsBeanManagerConfigurer$InitializeUserDetailsManagerConfigurer - Global AuthenticationManager configured with an AuthenticationProvider bean. UserDetailsService beans will not be used by Spring Security for automatically configuring username/password login. Consider removing the AuthenticationProvider bean. Alternatively, consider using the UserDetailsService in a manually instantiated DaoAuthenticationProvider. If the current configuration is intentional, to turn off this warning, increase the logging level of 'org.springframework.security.config.annotation.authentication.configuration.InitializeUserDetailsBeanManagerConfigurer' to ERROR
2025-Jun-11 16:05:18 [main] WARN  o.s.b.a.o.j.JpaBaseConfiguration$JpaWebConfiguration - spring.jpa.open-in-view is enabled by default. Therefore, database queries may be performed during view rendering. Explicitly configure spring.jpa.open-in-view to disable this warning
2025-Jun-11 16:05:21 [main] INFO  o.a.c.h.Http11NioProtocol                          - Starting ProtocolHandler ["http-nio-8080"]
2025-Jun-11 16:05:21 [main] INFO  o.s.b.w.e.t.TomcatWebServer                        - Tomcat started on port 8080 (http) with context path '/'
2025-Jun-11 16:05:21 [main] INFO  c.h.b.BookstoreApplication                         - Started BookstoreApplication in 12.132 seconds (process running for 13.797)
2025-Jun-11 16:07:39 [http-nio-8080-exec-1] INFO  o.a.c.c.C.[.[.[/]                                  - Initializing Spring DispatcherServlet 'dispatcherServlet'
2025-Jun-11 16:07:39 [http-nio-8080-exec-1] INFO  o.s.w.s.DispatcherServlet                          - Initializing Servlet 'dispatcherServlet'
2025-Jun-11 16:07:39 [http-nio-8080-exec-1] INFO  o.s.w.s.DispatcherServlet                          - Completed initialization in 3 ms
2025-Jun-11 16:07:40 [http-nio-8080-exec-1] INFO  c.h.b.s.A.JpaUserDetailsService                    - USER DETAILSorg.springframework.security.core.userdetails.User [Username=dummyauthor1, Password=[PROTECTED], Enabled=true, AccountNonExpired=true, CredentialsNonExpired=true, AccountNonLocked=true, Granted Authorities=[ROLE_AUTHOR]]
2025-Jun-11 16:07:40 [http-nio-8080-exec-1] INFO  c.h.b.s.b.BookServiceImpl                          - Creating new book with title: English
2025-Jun-11 16:07:41 [http-nio-8080-exec-1] INFO  c.h.b.s.b.BookServiceImpl                          - Book created successfully with ID: 8
2025-Jun-11 16:08:18 [SpringApplicationShutdownHook] INFO  o.s.b.w.e.t.GracefulShutdown                       - Commencing graceful shutdown. Waiting for active requests to complete
2025-Jun-11 16:08:18 [tomcat-shutdown] INFO  o.s.b.w.e.t.GracefulShutdown                       - Graceful shutdown complete
2025-Jun-11 16:08:18 [SpringApplicationShutdownHook] INFO  o.s.o.j.LocalContainerEntityManagerFactoryBean     - Closing JPA EntityManagerFactory for persistence unit 'default'
2025-Jun-11 16:08:18 [SpringApplicationShutdownHook] INFO  c.z.h.HikariDataSource                             - HikariPool-1 - Shutdown initiated...
2025-Jun-11 16:08:18 [SpringApplicationShutdownHook] INFO  c.z.h.HikariDataSource                             - HikariPool-1 - Shutdown completed.
2025-Jun-11 16:08:28 [background-preinit] INFO  o.h.v.i.u.Version                                  - HV000001: Hibernate Validator 8.0.2.Final
2025-Jun-11 16:08:29 [main] ERROR o.s.b.d.LoggingFailureAnalysisReporter             - 

***************************
APPLICATION FAILED TO START
***************************

Description:

Failed to bind properties under 'spring.main.banner-mode' to org.springframework.boot.Banner$Mode:

    Property: spring.main.banner-mode
    Value: "on"
    Origin: class path resource [application.properties] - 16:47
    Reason: failed to convert java.lang.String to org.springframework.boot.Banner$Mode (caused by java.lang.IllegalArgumentException: No enum constant org.springframework.boot.Banner.Mode.on)

Action:

Update your application's configuration. The following values are valid:

    CONSOLE
    LOG
    OFF

2025-Jun-11 16:09:05 [background-preinit] INFO  o.h.v.i.u.Version                                  - HV000001: Hibernate Validator 8.0.2.Final
2025-Jun-11 16:09:06 [main] INFO  c.h.b.BookstoreApplication                         - Starting BookstoreApplication using Java 21.0.4 with PID 11476 (C:\Users\abishekprabhu.kannan\Downloads\Java_Projects\bookstore-test\bookstore\target\classes started by abishekprabhu.kannan in C:\Users\abishekprabhu.kannan\Downloads\Java_Projects\bookstore-test\bookstore)
2025-Jun-11 16:09:06 [main] INFO  c.h.b.BookstoreApplication                         - The following 1 profile is active: "dev"
2025-Jun-11 16:09:07 [main] INFO  o.s.d.r.c.RepositoryConfigurationDelegate          - Bootstrapping Spring Data JPA repositories in DEFAULT mode.
2025-Jun-11 16:09:08 [main] INFO  o.s.d.r.c.RepositoryConfigurationDelegate          - Finished Spring Data repository scanning in 224 ms. Found 5 JPA repository interfaces.
2025-Jun-11 16:09:09 [main] INFO  o.s.b.w.e.t.TomcatWebServer                        - Tomcat initialized with port 8080 (http)
2025-Jun-11 16:09:09 [main] INFO  o.a.c.h.Http11NioProtocol                          - Initializing ProtocolHandler ["http-nio-8080"]
2025-Jun-11 16:09:09 [main] INFO  o.a.c.c.StandardService                            - Starting service [Tomcat]
2025-Jun-11 16:09:09 [main] INFO  o.a.c.c.StandardEngine                             - Starting Servlet engine: [Apache Tomcat/10.1.41]
2025-Jun-11 16:09:09 [main] INFO  o.a.c.c.C.[.[.[/]                                  - Initializing Spring embedded WebApplicationContext
2025-Jun-11 16:09:09 [main] INFO  o.s.b.w.s.c.ServletWebServerApplicationContext     - Root WebApplicationContext: initialization completed in 3434 ms
2025-Jun-11 16:09:09 [main] INFO  o.h.j.i.u.LogHelper                                - HHH000204: Processing PersistenceUnitInfo [name: default]
2025-Jun-11 16:09:10 [main] INFO  o.h.Version                                        - HHH000412: Hibernate ORM core version 6.6.15.Final
2025-Jun-11 16:09:10 [main] INFO  o.h.c.i.RegionFactoryInitiator                     - HHH000026: Second-level cache disabled
2025-Jun-11 16:09:10 [main] INFO  o.s.o.j.p.SpringPersistenceUnitInfo                - No LoadTimeWeaver setup: ignoring JPA class transformer
2025-Jun-11 16:09:10 [main] INFO  c.z.h.HikariDataSource                             - HikariPool-1 - Starting...
2025-Jun-11 16:09:11 [main] INFO  c.z.h.p.HikariPool                                 - HikariPool-1 - Added connection org.postgresql.jdbc.PgConnection@1ae9d0e4
2025-Jun-11 16:09:11 [main] INFO  c.z.h.HikariDataSource                             - HikariPool-1 - Start completed.
2025-Jun-11 16:09:11 [main] INFO  o.h.o.c.pooling                                    - HHH10001005: Database info:
	Database JDBC URL [Connecting through datasource 'HikariDataSource (HikariPool-1)']
	Database driver: undefined/unknown
	Database version: 16.4
	Autocommit mode: undefined/unknown
	Isolation level: undefined/unknown
	Minimum pool size: undefined/unknown
	Maximum pool size: undefined/unknown
2025-Jun-11 16:09:13 [main] INFO  o.h.e.t.j.p.i.JtaPlatformInitiator                 - HHH000489: No JTA platform available (set 'hibernate.transaction.jta.platform' to enable JTA platform integration)
2025-Jun-11 16:09:14 [main] INFO  o.s.o.j.LocalContainerEntityManagerFactoryBean     - Initialized JPA EntityManagerFactory for persistence unit 'default'
2025-Jun-11 16:09:14 [main] DEBUG o.s.c.e.PropertySourcesPropertyResolver            - Found key 'JWT_SECRET_KEY' in PropertySource 'environmentProperties' with value of type String
2025-Jun-11 16:09:14 [main] INFO  o.s.s.c.a.a.c.InitializeAuthenticationProviderBeanManagerConfigurer$InitializeAuthenticationProviderManagerConfigurer - Global AuthenticationManager configured with AuthenticationProvider bean with name authenticationProvider
2025-Jun-11 16:09:14 [main] WARN  o.s.s.c.a.a.c.InitializeUserDetailsBeanManagerConfigurer$InitializeUserDetailsManagerConfigurer - Global AuthenticationManager configured with an AuthenticationProvider bean. UserDetailsService beans will not be used by Spring Security for automatically configuring username/password login. Consider removing the AuthenticationProvider bean. Alternatively, consider using the UserDetailsService in a manually instantiated DaoAuthenticationProvider. If the current configuration is intentional, to turn off this warning, increase the logging level of 'org.springframework.security.config.annotation.authentication.configuration.InitializeUserDetailsBeanManagerConfigurer' to ERROR
2025-Jun-11 16:09:15 [main] WARN  o.s.b.a.o.j.JpaBaseConfiguration$JpaWebConfiguration - spring.jpa.open-in-view is enabled by default. Therefore, database queries may be performed during view rendering. Explicitly configure spring.jpa.open-in-view to disable this warning
2025-Jun-11 16:09:16 [main] INFO  o.a.c.h.Http11NioProtocol                          - Starting ProtocolHandler ["http-nio-8080"]
2025-Jun-11 16:09:16 [main] INFO  o.s.b.w.e.t.TomcatWebServer                        - Tomcat started on port 8080 (http) with context path '/'
2025-Jun-11 16:09:16 [main] INFO  c.h.b.BookstoreApplication                         - Started BookstoreApplication in 11.791 seconds (process running for 13.382)
2025-Jun-11 16:09:39 [http-nio-8080-exec-1] INFO  o.a.c.c.C.[.[.[/]                                  - Initializing Spring DispatcherServlet 'dispatcherServlet'
2025-Jun-11 16:09:39 [http-nio-8080-exec-1] INFO  o.s.w.s.DispatcherServlet                          - Initializing Servlet 'dispatcherServlet'
2025-Jun-11 16:09:39 [http-nio-8080-exec-1] INFO  o.s.w.s.DispatcherServlet                          - Completed initialization in 2 ms
2025-Jun-11 16:09:39 [http-nio-8080-exec-1] ERROR o.a.c.c.C.[.[.[.[dispatcherServlet]                - Servlet.service() for servlet [dispatcherServlet] in context with path [] threw exception
io.jsonwebtoken.ExpiredJwtException: JWT expired 45331 milliseconds ago at 2025-06-11T10:38:54.000Z. Current time: 2025-06-11T10:39:39.331Z. Allowed clock skew: 0 milliseconds.
	at io.jsonwebtoken.impl.DefaultJwtParser.parse(DefaultJwtParser.java:691) ~[jjwt-impl-0.12.6.jar:0.12.6]
	at io.jsonwebtoken.impl.DefaultJwtParser.parse(DefaultJwtParser.java:364) ~[jjwt-impl-0.12.6.jar:0.12.6]
	at io.jsonwebtoken.impl.DefaultJwtParser.parse(DefaultJwtParser.java:94) ~[jjwt-impl-0.12.6.jar:0.12.6]
	at io.jsonwebtoken.impl.io.AbstractParser.parse(AbstractParser.java:36) ~[jjwt-impl-0.12.6.jar:0.12.6]
	at io.jsonwebtoken.impl.io.AbstractParser.parse(AbstractParser.java:29) ~[jjwt-impl-0.12.6.jar:0.12.6]
	at io.jsonwebtoken.impl.DefaultJwtParser.parseSignedClaims(DefaultJwtParser.java:830) ~[jjwt-impl-0.12.6.jar:0.12.6]
	at com.hcltech.bookstore.util.JwtUtil.extractAllClaimsFromToken(JwtUtil.java:40) ~[classes/:?]
	at com.hcltech.bookstore.util.JwtUtil.extractClaimFromToken(JwtUtil.java:32) ~[classes/:?]
	at com.hcltech.bookstore.util.JwtUtil.extractUsernameFromToken(JwtUtil.java:24) ~[classes/:?]
	at com.hcltech.bookstore.filter.JwtAuthRequestFilter.doFilterInternal(JwtAuthRequestFilter.java:35) ~[classes/:?]
	at org.springframework.web.filter.OncePerRequestFilter.doFilter(OncePerRequestFilter.java:116) ~[spring-web-6.2.7.jar:6.2.7]
	at org.springframework.security.web.FilterChainProxy$VirtualFilterChain.doFilter(FilterChainProxy.java:374) ~[spring-security-web-6.5.0.jar:6.5.0]
	at org.springframework.security.web.authentication.logout.LogoutFilter.doFilter(LogoutFilter.java:107) ~[spring-security-web-6.5.0.jar:6.5.0]
	at org.springframework.security.web.authentication.logout.LogoutFilter.doFilter(LogoutFilter.java:93) ~[spring-security-web-6.5.0.jar:6.5.0]
	at org.springframework.security.web.FilterChainProxy$VirtualFilterChain.doFilter(FilterChainProxy.java:374) ~[spring-security-web-6.5.0.jar:6.5.0]
	at org.springframework.security.web.header.HeaderWriterFilter.doHeadersAfter(HeaderWriterFilter.java:90) ~[spring-security-web-6.5.0.jar:6.5.0]
	at org.springframework.security.web.header.HeaderWriterFilter.doFilterInternal(HeaderWriterFilter.java:75) ~[spring-security-web-6.5.0.jar:6.5.0]
	at org.springframework.web.filter.OncePerRequestFilter.doFilter(OncePerRequestFilter.java:116) ~[spring-web-6.2.7.jar:6.2.7]
	at org.springframework.security.web.FilterChainProxy$VirtualFilterChain.doFilter(FilterChainProxy.java:374) ~[spring-security-web-6.5.0.jar:6.5.0]
	at org.springframework.security.web.context.SecurityContextHolderFilter.doFilter(SecurityContextHolderFilter.java:82) ~[spring-security-web-6.5.0.jar:6.5.0]
	at org.springframework.security.web.context.SecurityContextHolderFilter.doFilter(SecurityContextHolderFilter.java:69) ~[spring-security-web-6.5.0.jar:6.5.0]
	at org.springframework.security.web.FilterChainProxy$VirtualFilterChain.doFilter(FilterChainProxy.java:374) ~[spring-security-web-6.5.0.jar:6.5.0]
	at org.springframework.security.web.context.request.async.WebAsyncManagerIntegrationFilter.doFilterInternal(WebAsyncManagerIntegrationFilter.java:62) ~[spring-security-web-6.5.0.jar:6.5.0]
	at org.springframework.web.filter.OncePerRequestFilter.doFilter(OncePerRequestFilter.java:116) ~[spring-web-6.2.7.jar:6.2.7]
	at org.springframework.security.web.FilterChainProxy$VirtualFilterChain.doFilter(FilterChainProxy.java:374) ~[spring-security-web-6.5.0.jar:6.5.0]
	at org.springframework.security.web.session.DisableEncodeUrlFilter.doFilterInternal(DisableEncodeUrlFilter.java:42) ~[spring-security-web-6.5.0.jar:6.5.0]
	at org.springframework.web.filter.OncePerRequestFilter.doFilter(OncePerRequestFilter.java:116) ~[spring-web-6.2.7.jar:6.2.7]
	at org.springframework.security.web.FilterChainProxy$VirtualFilterChain.doFilter(FilterChainProxy.java:374) ~[spring-security-web-6.5.0.jar:6.5.0]
	at org.springframework.security.web.FilterChainProxy.doFilterInternal(FilterChainProxy.java:233) ~[spring-security-web-6.5.0.jar:6.5.0]
	at org.springframework.security.web.FilterChainProxy.doFilter(FilterChainProxy.java:191) ~[spring-security-web-6.5.0.jar:6.5.0]
	at org.springframework.web.filter.CompositeFilter$VirtualFilterChain.doFilter(CompositeFilter.java:113) ~[spring-web-6.2.7.jar:6.2.7]
	at org.springframework.web.filter.ServletRequestPathFilter.doFilter(ServletRequestPathFilter.java:52) ~[spring-web-6.2.7.jar:6.2.7]
	at org.springframework.web.filter.CompositeFilter$VirtualFilterChain.doFilter(CompositeFilter.java:113) ~[spring-web-6.2.7.jar:6.2.7]
	at org.springframework.web.filter.CompositeFilter.doFilter(CompositeFilter.java:74) ~[spring-web-6.2.7.jar:6.2.7]
	at org.springframework.security.config.annotation.web.configuration.WebSecurityConfiguration$CompositeFilterChainProxy.doFilter(WebSecurityConfiguration.java:319) ~[spring-security-config-6.5.0.jar:6.5.0]
	at org.springframework.web.filter.CompositeFilter$VirtualFilterChain.doFilter(CompositeFilter.java:113) ~[spring-web-6.2.7.jar:6.2.7]
	at org.springframework.web.servlet.handler.HandlerMappingIntrospector.lambda$createCacheFilter$3(HandlerMappingIntrospector.java:243) ~[spring-webmvc-6.2.7.jar:6.2.7]
	at org.springframework.web.filter.CompositeFilter$VirtualFilterChain.doFilter(CompositeFilter.java:113) ~[spring-web-6.2.7.jar:6.2.7]
	at org.springframework.web.filter.CompositeFilter.doFilter(CompositeFilter.java:74) ~[spring-web-6.2.7.jar:6.2.7]
	at org.springframework.security.config.annotation.web.configuration.WebMvcSecurityConfiguration$CompositeFilterChainProxy.doFilter(WebMvcSecurityConfiguration.java:240) ~[spring-security-config-6.5.0.jar:6.5.0]
	at org.springframework.web.filter.DelegatingFilterProxy.invokeDelegate(DelegatingFilterProxy.java:362) ~[spring-web-6.2.7.jar:6.2.7]
	at org.springframework.web.filter.DelegatingFilterProxy.doFilter(DelegatingFilterProxy.java:278) ~[spring-web-6.2.7.jar:6.2.7]
	at org.apache.catalina.core.ApplicationFilterChain.internalDoFilter(ApplicationFilterChain.java:164) ~[tomcat-embed-core-10.1.41.jar:10.1.41]
	at org.apache.catalina.core.ApplicationFilterChain.doFilter(ApplicationFilterChain.java:140) ~[tomcat-embed-core-10.1.41.jar:10.1.41]
	at org.springframework.web.filter.RequestContextFilter.doFilterInternal(RequestContextFilter.java:100) ~[spring-web-6.2.7.jar:6.2.7]
	at org.springframework.web.filter.OncePerRequestFilter.doFilter(OncePerRequestFilter.java:116) ~[spring-web-6.2.7.jar:6.2.7]
	at org.apache.catalina.core.ApplicationFilterChain.internalDoFilter(ApplicationFilterChain.java:164) ~[tomcat-embed-core-10.1.41.jar:10.1.41]
	at org.apache.catalina.core.ApplicationFilterChain.doFilter(ApplicationFilterChain.java:140) ~[tomcat-embed-core-10.1.41.jar:10.1.41]
	at org.springframework.web.filter.FormContentFilter.doFilterInternal(FormContentFilter.java:93) ~[spring-web-6.2.7.jar:6.2.7]
	at org.springframework.web.filter.OncePerRequestFilter.doFilter(OncePerRequestFilter.java:116) ~[spring-web-6.2.7.jar:6.2.7]
	at org.apache.catalina.core.ApplicationFilterChain.internalDoFilter(ApplicationFilterChain.java:164) ~[tomcat-embed-core-10.1.41.jar:10.1.41]
	at org.apache.catalina.core.ApplicationFilterChain.doFilter(ApplicationFilterChain.java:140) ~[tomcat-embed-core-10.1.41.jar:10.1.41]
	at org.springframework.web.filter.CharacterEncodingFilter.doFilterInternal(CharacterEncodingFilter.java:201) ~[spring-web-6.2.7.jar:6.2.7]
	at org.springframework.web.filter.OncePerRequestFilter.doFilter(OncePerRequestFilter.java:116) ~[spring-web-6.2.7.jar:6.2.7]
	at org.apache.catalina.core.ApplicationFilterChain.internalDoFilter(ApplicationFilterChain.java:164) ~[tomcat-embed-core-10.1.41.jar:10.1.41]
	at org.apache.catalina.core.ApplicationFilterChain.doFilter(ApplicationFilterChain.java:140) ~[tomcat-embed-core-10.1.41.jar:10.1.41]
	at org.apache.catalina.core.StandardWrapperValve.invoke(StandardWrapperValve.java:167) ~[tomcat-embed-core-10.1.41.jar:10.1.41]
	at org.apache.catalina.core.StandardContextValve.invoke(StandardContextValve.java:90) ~[tomcat-embed-core-10.1.41.jar:10.1.41]
	at org.apache.catalina.authenticator.AuthenticatorBase.invoke(AuthenticatorBase.java:483) ~[tomcat-embed-core-10.1.41.jar:10.1.41]
	at org.apache.catalina.core.StandardHostValve.invoke(StandardHostValve.java:116) ~[tomcat-embed-core-10.1.41.jar:10.1.41]
	at org.apache.catalina.valves.ErrorReportValve.invoke(ErrorReportValve.java:93) ~[tomcat-embed-core-10.1.41.jar:10.1.41]
	at org.apache.catalina.core.StandardEngineValve.invoke(StandardEngineValve.java:74) ~[tomcat-embed-core-10.1.41.jar:10.1.41]
	at org.apache.catalina.connector.CoyoteAdapter.service(CoyoteAdapter.java:344) ~[tomcat-embed-core-10.1.41.jar:10.1.41]
	at org.apache.coyote.http11.Http11Processor.service(Http11Processor.java:398) ~[tomcat-embed-core-10.1.41.jar:10.1.41]
	at org.apache.coyote.AbstractProcessorLight.process(AbstractProcessorLight.java:63) ~[tomcat-embed-core-10.1.41.jar:10.1.41]
	at org.apache.coyote.AbstractProtocol$ConnectionHandler.process(AbstractProtocol.java:903) ~[tomcat-embed-core-10.1.41.jar:10.1.41]
	at org.apache.tomcat.util.net.NioEndpoint$SocketProcessor.doRun(NioEndpoint.java:1740) ~[tomcat-embed-core-10.1.41.jar:10.1.41]
	at org.apache.tomcat.util.net.SocketProcessorBase.run(SocketProcessorBase.java:52) ~[tomcat-embed-core-10.1.41.jar:10.1.41]
	at org.apache.tomcat.util.threads.ThreadPoolExecutor.runWorker(ThreadPoolExecutor.java:1189) ~[tomcat-embed-core-10.1.41.jar:10.1.41]
	at org.apache.tomcat.util.threads.ThreadPoolExecutor$Worker.run(ThreadPoolExecutor.java:658) ~[tomcat-embed-core-10.1.41.jar:10.1.41]
	at org.apache.tomcat.util.threads.TaskThread$WrappingRunnable.run(TaskThread.java:63) ~[tomcat-embed-core-10.1.41.jar:10.1.41]
	at java.base/java.lang.Thread.run(Thread.java:1583) [?:?]
2025-Jun-11 16:10:06 [http-nio-8080-exec-2] ERROR o.a.c.c.C.[.[.[.[dispatcherServlet]                - Servlet.service() for servlet [dispatcherServlet] in context with path [] threw exception
io.jsonwebtoken.ExpiredJwtException: JWT expired 72958 milliseconds ago at 2025-06-11T10:38:54.000Z. Current time: 2025-06-11T10:40:06.958Z. Allowed clock skew: 0 milliseconds.
	at io.jsonwebtoken.impl.DefaultJwtParser.parse(DefaultJwtParser.java:691) ~[jjwt-impl-0.12.6.jar:0.12.6]
	at io.jsonwebtoken.impl.DefaultJwtParser.parse(DefaultJwtParser.java:364) ~[jjwt-impl-0.12.6.jar:0.12.6]
	at io.jsonwebtoken.impl.DefaultJwtParser.parse(DefaultJwtParser.java:94) ~[jjwt-impl-0.12.6.jar:0.12.6]
	at io.jsonwebtoken.impl.io.AbstractParser.parse(AbstractParser.java:36) ~[jjwt-impl-0.12.6.jar:0.12.6]
	at io.jsonwebtoken.impl.io.AbstractParser.parse(AbstractParser.java:29) ~[jjwt-impl-0.12.6.jar:0.12.6]
	at io.jsonwebtoken.impl.DefaultJwtParser.parseSignedClaims(DefaultJwtParser.java:830) ~[jjwt-impl-0.12.6.jar:0.12.6]
	at com.hcltech.bookstore.util.JwtUtil.extractAllClaimsFromToken(JwtUtil.java:40) ~[classes/:?]
	at com.hcltech.bookstore.util.JwtUtil.extractClaimFromToken(JwtUtil.java:32) ~[classes/:?]
	at com.hcltech.bookstore.util.JwtUtil.extractUsernameFromToken(JwtUtil.java:24) ~[classes/:?]
	at com.hcltech.bookstore.filter.JwtAuthRequestFilter.doFilterInternal(JwtAuthRequestFilter.java:35) ~[classes/:?]
	at org.springframework.web.filter.OncePerRequestFilter.doFilter(OncePerRequestFilter.java:116) ~[spring-web-6.2.7.jar:6.2.7]
	at org.springframework.security.web.FilterChainProxy$VirtualFilterChain.doFilter(FilterChainProxy.java:374) ~[spring-security-web-6.5.0.jar:6.5.0]
	at org.springframework.security.web.authentication.logout.LogoutFilter.doFilter(LogoutFilter.java:107) ~[spring-security-web-6.5.0.jar:6.5.0]
	at org.springframework.security.web.authentication.logout.LogoutFilter.doFilter(LogoutFilter.java:93) ~[spring-security-web-6.5.0.jar:6.5.0]
	at org.springframework.security.web.FilterChainProxy$VirtualFilterChain.doFilter(FilterChainProxy.java:374) ~[spring-security-web-6.5.0.jar:6.5.0]
	at org.springframework.security.web.header.HeaderWriterFilter.doHeadersAfter(HeaderWriterFilter.java:90) ~[spring-security-web-6.5.0.jar:6.5.0]
	at org.springframework.security.web.header.HeaderWriterFilter.doFilterInternal(HeaderWriterFilter.java:75) ~[spring-security-web-6.5.0.jar:6.5.0]
	at org.springframework.web.filter.OncePerRequestFilter.doFilter(OncePerRequestFilter.java:116) ~[spring-web-6.2.7.jar:6.2.7]
	at org.springframework.security.web.FilterChainProxy$VirtualFilterChain.doFilter(FilterChainProxy.java:374) ~[spring-security-web-6.5.0.jar:6.5.0]
	at org.springframework.security.web.context.SecurityContextHolderFilter.doFilter(SecurityContextHolderFilter.java:82) ~[spring-security-web-6.5.0.jar:6.5.0]
	at org.springframework.security.web.context.SecurityContextHolderFilter.doFilter(SecurityContextHolderFilter.java:69) ~[spring-security-web-6.5.0.jar:6.5.0]
	at org.springframework.security.web.FilterChainProxy$VirtualFilterChain.doFilter(FilterChainProxy.java:374) ~[spring-security-web-6.5.0.jar:6.5.0]
	at org.springframework.security.web.context.request.async.WebAsyncManagerIntegrationFilter.doFilterInternal(WebAsyncManagerIntegrationFilter.java:62) ~[spring-security-web-6.5.0.jar:6.5.0]
	at org.springframework.web.filter.OncePerRequestFilter.doFilter(OncePerRequestFilter.java:116) ~[spring-web-6.2.7.jar:6.2.7]
	at org.springframework.security.web.FilterChainProxy$VirtualFilterChain.doFilter(FilterChainProxy.java:374) ~[spring-security-web-6.5.0.jar:6.5.0]
	at org.springframework.security.web.session.DisableEncodeUrlFilter.doFilterInternal(DisableEncodeUrlFilter.java:42) ~[spring-security-web-6.5.0.jar:6.5.0]
	at org.springframework.web.filter.OncePerRequestFilter.doFilter(OncePerRequestFilter.java:116) ~[spring-web-6.2.7.jar:6.2.7]
	at org.springframework.security.web.FilterChainProxy$VirtualFilterChain.doFilter(FilterChainProxy.java:374) ~[spring-security-web-6.5.0.jar:6.5.0]
	at org.springframework.security.web.FilterChainProxy.doFilterInternal(FilterChainProxy.java:233) ~[spring-security-web-6.5.0.jar:6.5.0]
	at org.springframework.security.web.FilterChainProxy.doFilter(FilterChainProxy.java:191) ~[spring-security-web-6.5.0.jar:6.5.0]
	at org.springframework.web.filter.CompositeFilter$VirtualFilterChain.doFilter(CompositeFilter.java:113) ~[spring-web-6.2.7.jar:6.2.7]
	at org.springframework.web.filter.ServletRequestPathFilter.doFilter(ServletRequestPathFilter.java:52) ~[spring-web-6.2.7.jar:6.2.7]
	at org.springframework.web.filter.CompositeFilter$VirtualFilterChain.doFilter(CompositeFilter.java:113) ~[spring-web-6.2.7.jar:6.2.7]
	at org.springframework.web.filter.CompositeFilter.doFilter(CompositeFilter.java:74) ~[spring-web-6.2.7.jar:6.2.7]
	at org.springframework.security.config.annotation.web.configuration.WebSecurityConfiguration$CompositeFilterChainProxy.doFilter(WebSecurityConfiguration.java:319) ~[spring-security-config-6.5.0.jar:6.5.0]
	at org.springframework.web.filter.CompositeFilter$VirtualFilterChain.doFilter(CompositeFilter.java:113) ~[spring-web-6.2.7.jar:6.2.7]
	at org.springframework.web.servlet.handler.HandlerMappingIntrospector.lambda$createCacheFilter$3(HandlerMappingIntrospector.java:243) ~[spring-webmvc-6.2.7.jar:6.2.7]
	at org.springframework.web.filter.CompositeFilter$VirtualFilterChain.doFilter(CompositeFilter.java:113) ~[spring-web-6.2.7.jar:6.2.7]
	at org.springframework.web.filter.CompositeFilter.doFilter(CompositeFilter.java:74) ~[spring-web-6.2.7.jar:6.2.7]
	at org.springframework.security.config.annotation.web.configuration.WebMvcSecurityConfiguration$CompositeFilterChainProxy.doFilter(WebMvcSecurityConfiguration.java:240) ~[spring-security-config-6.5.0.jar:6.5.0]
	at org.springframework.web.filter.DelegatingFilterProxy.invokeDelegate(DelegatingFilterProxy.java:362) ~[spring-web-6.2.7.jar:6.2.7]
	at org.springframework.web.filter.DelegatingFilterProxy.doFilter(DelegatingFilterProxy.java:278) ~[spring-web-6.2.7.jar:6.2.7]
	at org.apache.catalina.core.ApplicationFilterChain.internalDoFilter(ApplicationFilterChain.java:164) ~[tomcat-embed-core-10.1.41.jar:10.1.41]
	at org.apache.catalina.core.ApplicationFilterChain.doFilter(ApplicationFilterChain.java:140) ~[tomcat-embed-core-10.1.41.jar:10.1.41]
	at org.springframework.web.filter.RequestContextFilter.doFilterInternal(RequestContextFilter.java:100) ~[spring-web-6.2.7.jar:6.2.7]
	at org.springframework.web.filter.OncePerRequestFilter.doFilter(OncePerRequestFilter.java:116) ~[spring-web-6.2.7.jar:6.2.7]
	at org.apache.catalina.core.ApplicationFilterChain.internalDoFilter(ApplicationFilterChain.java:164) ~[tomcat-embed-core-10.1.41.jar:10.1.41]
	at org.apache.catalina.core.ApplicationFilterChain.doFilter(ApplicationFilterChain.java:140) ~[tomcat-embed-core-10.1.41.jar:10.1.41]
	at org.springframework.web.filter.FormContentFilter.doFilterInternal(FormContentFilter.java:93) ~[spring-web-6.2.7.jar:6.2.7]
	at org.springframework.web.filter.OncePerRequestFilter.doFilter(OncePerRequestFilter.java:116) ~[spring-web-6.2.7.jar:6.2.7]
	at org.apache.catalina.core.ApplicationFilterChain.internalDoFilter(ApplicationFilterChain.java:164) ~[tomcat-embed-core-10.1.41.jar:10.1.41]
	at org.apache.catalina.core.ApplicationFilterChain.doFilter(ApplicationFilterChain.java:140) ~[tomcat-embed-core-10.1.41.jar:10.1.41]
	at org.springframework.web.filter.CharacterEncodingFilter.doFilterInternal(CharacterEncodingFilter.java:201) ~[spring-web-6.2.7.jar:6.2.7]
	at org.springframework.web.filter.OncePerRequestFilter.doFilter(OncePerRequestFilter.java:116) ~[spring-web-6.2.7.jar:6.2.7]
	at org.apache.catalina.core.ApplicationFilterChain.internalDoFilter(ApplicationFilterChain.java:164) ~[tomcat-embed-core-10.1.41.jar:10.1.41]
	at org.apache.catalina.core.ApplicationFilterChain.doFilter(ApplicationFilterChain.java:140) ~[tomcat-embed-core-10.1.41.jar:10.1.41]
	at org.apache.catalina.core.StandardWrapperValve.invoke(StandardWrapperValve.java:167) ~[tomcat-embed-core-10.1.41.jar:10.1.41]
	at org.apache.catalina.core.StandardContextValve.invoke(StandardContextValve.java:90) ~[tomcat-embed-core-10.1.41.jar:10.1.41]
	at org.apache.catalina.authenticator.AuthenticatorBase.invoke(AuthenticatorBase.java:483) ~[tomcat-embed-core-10.1.41.jar:10.1.41]
	at org.apache.catalina.core.StandardHostValve.invoke(StandardHostValve.java:116) ~[tomcat-embed-core-10.1.41.jar:10.1.41]
	at org.apache.catalina.valves.ErrorReportValve.invoke(ErrorReportValve.java:93) ~[tomcat-embed-core-10.1.41.jar:10.1.41]
	at org.apache.catalina.core.StandardEngineValve.invoke(StandardEngineValve.java:74) ~[tomcat-embed-core-10.1.41.jar:10.1.41]
	at org.apache.catalina.connector.CoyoteAdapter.service(CoyoteAdapter.java:344) ~[tomcat-embed-core-10.1.41.jar:10.1.41]
	at org.apache.coyote.http11.Http11Processor.service(Http11Processor.java:398) ~[tomcat-embed-core-10.1.41.jar:10.1.41]
	at org.apache.coyote.AbstractProcessorLight.process(AbstractProcessorLight.java:63) ~[tomcat-embed-core-10.1.41.jar:10.1.41]
	at org.apache.coyote.AbstractProtocol$ConnectionHandler.process(AbstractProtocol.java:903) ~[tomcat-embed-core-10.1.41.jar:10.1.41]
	at org.apache.tomcat.util.net.NioEndpoint$SocketProcessor.doRun(NioEndpoint.java:1740) ~[tomcat-embed-core-10.1.41.jar:10.1.41]
	at org.apache.tomcat.util.net.SocketProcessorBase.run(SocketProcessorBase.java:52) ~[tomcat-embed-core-10.1.41.jar:10.1.41]
	at org.apache.tomcat.util.threads.ThreadPoolExecutor.runWorker(ThreadPoolExecutor.java:1189) ~[tomcat-embed-core-10.1.41.jar:10.1.41]
	at org.apache.tomcat.util.threads.ThreadPoolExecutor$Worker.run(ThreadPoolExecutor.java:658) ~[tomcat-embed-core-10.1.41.jar:10.1.41]
	at org.apache.tomcat.util.threads.TaskThread$WrappingRunnable.run(TaskThread.java:63) ~[tomcat-embed-core-10.1.41.jar:10.1.41]
	at java.base/java.lang.Thread.run(Thread.java:1583) [?:?]
2025-Jun-11 16:10:26 [http-nio-8080-exec-9] INFO  c.h.b.s.A.AuthenticationServiceImpl                - Attempting login for username: AuthenticationRequestDto(username=dummyauthor1, password=Password@28)
2025-Jun-11 16:10:27 [http-nio-8080-exec-9] INFO  c.h.b.s.A.JpaUserDetailsService                    - USER DETAILSorg.springframework.security.core.userdetails.User [Username=dummyauthor1, Password=[PROTECTED], Enabled=true, AccountNonExpired=true, CredentialsNonExpired=true, AccountNonLocked=true, Granted Authorities=[ROLE_AUTHOR]]
2025-Jun-11 16:10:27 [http-nio-8080-exec-9] INFO  c.h.b.s.A.JpaUserDetailsService                    - USER DETAILSorg.springframework.security.core.userdetails.User [Username=dummyauthor1, Password=[PROTECTED], Enabled=true, AccountNonExpired=true, CredentialsNonExpired=true, AccountNonLocked=true, Granted Authorities=[ROLE_AUTHOR]]
2025-Jun-11 16:10:27 [http-nio-8080-exec-9] INFO  c.h.b.s.A.AuthenticationServiceImpl                - Login successful for user: dummyauthor1ROLE : [ROLE_AUTHOR]
2025-Jun-11 16:10:58 [http-nio-8080-exec-3] INFO  c.h.b.s.A.JpaUserDetailsService                    - USER DETAILSorg.springframework.security.core.userdetails.User [Username=dummyauthor1, Password=[PROTECTED], Enabled=true, AccountNonExpired=true, CredentialsNonExpired=true, AccountNonLocked=true, Granted Authorities=[ROLE_AUTHOR]]
2025-Jun-11 16:11:07 [http-nio-8080-exec-7] INFO  c.h.b.s.A.JpaUserDetailsService                    - USER DETAILSorg.springframework.security.core.userdetails.User [Username=dummyauthor1, Password=[PROTECTED], Enabled=true, AccountNonExpired=true, CredentialsNonExpired=true, AccountNonLocked=true, Granted Authorities=[ROLE_AUTHOR]]
2025-Jun-11 16:11:07 [http-nio-8080-exec-7] INFO  c.h.b.s.b.BookServiceImpl                          - Creating new book with title: English
2025-Jun-11 16:11:07 [http-nio-8080-exec-7] INFO  c.h.b.s.b.BookServiceImpl                          - Assigning author with ID: 2 to the book
2025-Jun-11 16:11:07 [http-nio-8080-exec-7] INFO  c.h.b.s.b.BookServiceImpl                          - Book created successfully with ID: 9
2025-Jun-11 16:12:00 [http-nio-8080-exec-4] INFO  c.h.b.s.A.JpaUserDetailsService                    - USER DETAILSorg.springframework.security.core.userdetails.User [Username=dummyauthor1, Password=[PROTECTED], Enabled=true, AccountNonExpired=true, CredentialsNonExpired=true, AccountNonLocked=true, Granted Authorities=[ROLE_AUTHOR]]
2025-Jun-11 16:12:00 [http-nio-8080-exec-4] INFO  c.h.b.s.b.BookServiceImpl                          - Fetching book with ID: 2
2025-Jun-11 16:12:00 [http-nio-8080-exec-4] ERROR c.h.b.s.b.BookServiceImpl                          - Book not found with ID: 2
2025-Jun-11 18:17:53 [SpringApplicationShutdownHook] INFO  o.s.b.w.e.t.GracefulShutdown                       - Commencing graceful shutdown. Waiting for active requests to complete
2025-Jun-11 18:17:53 [tomcat-shutdown] INFO  o.s.b.w.e.t.GracefulShutdown                       - Graceful shutdown complete
2025-Jun-11 18:17:53 [SpringApplicationShutdownHook] INFO  o.s.o.j.LocalContainerEntityManagerFactoryBean     - Closing JPA EntityManagerFactory for persistence unit 'default'
2025-Jun-11 18:17:53 [SpringApplicationShutdownHook] INFO  c.z.h.HikariDataSource                             - HikariPool-1 - Shutdown initiated...
2025-Jun-11 18:17:53 [SpringApplicationShutdownHook] INFO  c.z.h.HikariDataSource                             - HikariPool-1 - Shutdown completed.
2025-Jun-11 21:57:52 [background-preinit] INFO  o.h.v.i.u.Version                                  - HV000001: Hibernate Validator 8.0.2.Final
2025-Jun-11 21:57:52 [main] INFO  c.h.b.BookstoreApplication                         - Starting BookstoreApplication using Java 21.0.4 with PID 25692 (C:\Users\abishekprabhu.kannan\Downloads\Java_Projects\bookstore-test\bookstore\target\classes started by abishekprabhu.kannan in C:\Users\abishekprabhu.kannan\Downloads\Java_Projects\bookstore-test\bookstore)
2025-Jun-11 21:57:52 [main] INFO  c.h.b.BookstoreApplication                         - The following 1 profile is active: "dev"
2025-Jun-11 21:57:53 [main] INFO  o.s.d.r.c.RepositoryConfigurationDelegate          - Bootstrapping Spring Data JPA repositories in DEFAULT mode.
2025-Jun-11 21:57:53 [main] INFO  o.s.d.r.c.RepositoryConfigurationDelegate          - Finished Spring Data repository scanning in 148 ms. Found 5 JPA repository interfaces.
2025-Jun-11 21:57:54 [main] INFO  o.s.b.w.e.t.TomcatWebServer                        - Tomcat initialized with port 8080 (http)
2025-Jun-11 21:57:54 [main] INFO  o.a.c.h.Http11NioProtocol                          - Initializing ProtocolHandler ["http-nio-8080"]
2025-Jun-11 21:57:54 [main] INFO  o.a.c.c.StandardService                            - Starting service [Tomcat]
2025-Jun-11 21:57:54 [main] INFO  o.a.c.c.StandardEngine                             - Starting Servlet engine: [Apache Tomcat/10.1.41]
2025-Jun-11 21:57:54 [main] INFO  o.a.c.c.C.[.[.[/]                                  - Initializing Spring embedded WebApplicationContext
2025-Jun-11 21:57:54 [main] INFO  o.s.b.w.s.c.ServletWebServerApplicationContext     - Root WebApplicationContext: initialization completed in 2574 ms
2025-Jun-11 21:57:55 [main] INFO  o.h.j.i.u.LogHelper                                - HHH000204: Processing PersistenceUnitInfo [name: default]
2025-Jun-11 21:57:55 [main] INFO  o.h.Version                                        - HHH000412: Hibernate ORM core version 6.6.15.Final
2025-Jun-11 21:57:55 [main] INFO  o.h.c.i.RegionFactoryInitiator                     - HHH000026: Second-level cache disabled
2025-Jun-11 21:57:55 [main] INFO  o.s.o.j.p.SpringPersistenceUnitInfo                - No LoadTimeWeaver setup: ignoring JPA class transformer
2025-Jun-11 21:57:55 [main] INFO  c.z.h.HikariDataSource                             - HikariPool-1 - Starting...
2025-Jun-11 21:57:56 [main] INFO  c.z.h.p.HikariPool                                 - HikariPool-1 - Added connection org.postgresql.jdbc.PgConnection@67e4928c
2025-Jun-11 21:57:56 [main] INFO  c.z.h.HikariDataSource                             - HikariPool-1 - Start completed.
2025-Jun-11 21:57:56 [main] INFO  o.h.o.c.pooling                                    - HHH10001005: Database info:
	Database JDBC URL [Connecting through datasource 'HikariDataSource (HikariPool-1)']
	Database driver: undefined/unknown
	Database version: 16.4
	Autocommit mode: undefined/unknown
	Isolation level: undefined/unknown
	Minimum pool size: undefined/unknown
	Maximum pool size: undefined/unknown
2025-Jun-11 21:57:57 [main] INFO  o.h.e.t.j.p.i.JtaPlatformInitiator                 - HHH000489: No JTA platform available (set 'hibernate.transaction.jta.platform' to enable JTA platform integration)
2025-Jun-11 21:57:58 [main] INFO  o.s.o.j.LocalContainerEntityManagerFactoryBean     - Initialized JPA EntityManagerFactory for persistence unit 'default'
2025-Jun-11 21:57:58 [main] DEBUG o.s.c.e.PropertySourcesPropertyResolver            - Found key 'JWT_SECRET_KEY' in PropertySource 'environmentProperties' with value of type String
2025-Jun-11 21:57:58 [main] INFO  o.s.s.c.a.a.c.InitializeAuthenticationProviderBeanManagerConfigurer$InitializeAuthenticationProviderManagerConfigurer - Global AuthenticationManager configured with AuthenticationProvider bean with name authenticationProvider
2025-Jun-11 21:57:58 [main] WARN  o.s.s.c.a.a.c.InitializeUserDetailsBeanManagerConfigurer$InitializeUserDetailsManagerConfigurer - Global AuthenticationManager configured with an AuthenticationProvider bean. UserDetailsService beans will not be used by Spring Security for automatically configuring username/password login. Consider removing the AuthenticationProvider bean. Alternatively, consider using the UserDetailsService in a manually instantiated DaoAuthenticationProvider. If the current configuration is intentional, to turn off this warning, increase the logging level of 'org.springframework.security.config.annotation.authentication.configuration.InitializeUserDetailsBeanManagerConfigurer' to ERROR
2025-Jun-11 21:57:59 [main] WARN  o.s.b.a.o.j.JpaBaseConfiguration$JpaWebConfiguration - spring.jpa.open-in-view is enabled by default. Therefore, database queries may be performed during view rendering. Explicitly configure spring.jpa.open-in-view to disable this warning
2025-Jun-11 21:57:59 [main] INFO  o.a.c.h.Http11NioProtocol                          - Starting ProtocolHandler ["http-nio-8080"]
2025-Jun-11 21:57:59 [main] INFO  o.s.b.w.e.t.TomcatWebServer                        - Tomcat started on port 8080 (http) with context path '/'
2025-Jun-11 21:57:59 [main] INFO  c.h.b.BookstoreApplication                         - Started BookstoreApplication in 8.525 seconds (process running for 10.165)
2025-Jun-11 21:59:01 [background-preinit] INFO  o.h.v.i.u.Version                                  - HV000001: Hibernate Validator 8.0.2.Final
2025-Jun-11 21:59:01 [main] INFO  c.h.b.BookstoreApplicationTests                    - Starting BookstoreApplicationTests using Java 21.0.4 with PID 19116 (started by abishekprabhu.kannan in C:\Users\abishekprabhu.kannan\Downloads\Java_Projects\bookstore-test\bookstore)
2025-Jun-11 21:59:01 [main] INFO  c.h.b.BookstoreApplicationTests                    - No active profile set, falling back to 1 default profile: "default"
2025-Jun-11 21:59:04 [main] INFO  o.s.d.r.c.RepositoryConfigurationDelegate          - Bootstrapping Spring Data JPA repositories in DEFAULT mode.
2025-Jun-11 21:59:05 [main] INFO  o.s.d.r.c.RepositoryConfigurationDelegate          - Finished Spring Data repository scanning in 549 ms. Found 5 JPA repository interfaces.
2025-Jun-11 21:59:07 [main] INFO  o.h.j.i.u.LogHelper                                - HHH000204: Processing PersistenceUnitInfo [name: default]
2025-Jun-11 21:59:07 [main] INFO  o.h.Version                                        - HHH000412: Hibernate ORM core version 6.6.15.Final
2025-Jun-11 21:59:07 [main] INFO  o.h.c.i.RegionFactoryInitiator                     - HHH000026: Second-level cache disabled
2025-Jun-11 21:59:09 [main] INFO  o.s.o.j.p.SpringPersistenceUnitInfo                - No LoadTimeWeaver setup: ignoring JPA class transformer
2025-Jun-11 21:59:09 [main] INFO  c.z.h.HikariDataSource                             - HikariPool-1 - Starting...
2025-Jun-11 21:59:10 [main] INFO  c.z.h.p.HikariPool                                 - HikariPool-1 - Added connection org.postgresql.jdbc.PgConnection@4179260d
2025-Jun-11 21:59:10 [main] INFO  c.z.h.HikariDataSource                             - HikariPool-1 - Start completed.
2025-Jun-11 21:59:10 [main] INFO  o.h.o.c.pooling                                    - HHH10001005: Database info:
	Database JDBC URL [Connecting through datasource 'HikariDataSource (HikariPool-1)']
	Database driver: undefined/unknown
	Database version: 16.4
	Autocommit mode: undefined/unknown
	Isolation level: undefined/unknown
	Minimum pool size: undefined/unknown
	Maximum pool size: undefined/unknown
2025-Jun-11 21:59:14 [main] INFO  o.h.e.t.j.p.i.JtaPlatformInitiator                 - HHH000489: No JTA platform available (set 'hibernate.transaction.jta.platform' to enable JTA platform integration)
2025-Jun-11 21:59:15 [main] INFO  o.s.o.j.LocalContainerEntityManagerFactoryBean     - Initialized JPA EntityManagerFactory for persistence unit 'default'
2025-Jun-11 21:59:16 [main] DEBUG o.s.c.e.PropertySourcesPropertyResolver            - Found key 'JWT_SECRET_KEY' in PropertySource 'environmentProperties' with value of type String
2025-Jun-11 21:59:16 [main] INFO  o.s.s.c.a.a.c.InitializeAuthenticationProviderBeanManagerConfigurer$InitializeAuthenticationProviderManagerConfigurer - Global AuthenticationManager configured with AuthenticationProvider bean with name authenticationProvider
2025-Jun-11 21:59:16 [main] WARN  o.s.s.c.a.a.c.InitializeUserDetailsBeanManagerConfigurer$InitializeUserDetailsManagerConfigurer - Global AuthenticationManager configured with an AuthenticationProvider bean. UserDetailsService beans will not be used by Spring Security for automatically configuring username/password login. Consider removing the AuthenticationProvider bean. Alternatively, consider using the UserDetailsService in a manually instantiated DaoAuthenticationProvider. If the current configuration is intentional, to turn off this warning, increase the logging level of 'org.springframework.security.config.annotation.authentication.configuration.InitializeUserDetailsBeanManagerConfigurer' to ERROR
2025-Jun-11 21:59:17 [main] WARN  o.s.b.a.o.j.JpaBaseConfiguration$JpaWebConfiguration - spring.jpa.open-in-view is enabled by default. Therefore, database queries may be performed during view rendering. Explicitly configure spring.jpa.open-in-view to disable this warning
2025-Jun-11 21:59:19 [main] INFO  c.h.b.BookstoreApplicationTests                    - Started BookstoreApplicationTests in 18.538 seconds (process running for 22.827)
2025-Jun-11 21:59:20 [main] INFO  o.s.t.c.s.AnnotationConfigContextLoaderUtils       - Could not detect default configuration classes for test class [com.hcltech.bookstore.controller.AuthenticationControllerTest]: AuthenticationControllerTest does not declare any static, non-private, non-final, nested classes annotated with @Configuration.
2025-Jun-11 21:59:21 [main] INFO  o.s.b.t.c.SpringBootTestContextBootstrapper        - Found @SpringBootConfiguration com.hcltech.bookstore.BookstoreApplication for test class com.hcltech.bookstore.controller.AuthenticationControllerTest
2025-Jun-11 21:59:21 [main] DEBUG o.s.c.e.PropertySourcesPropertyResolver            - Found key 'spring.application.name' in PropertySource 'configurationProperties' with value of type String
2025-Jun-11 21:59:21 [main] INFO  c.h.b.c.AuthenticationControllerTest               - Starting AuthenticationControllerTest using Java 21.0.4 with PID 19116 (started by abishekprabhu.kannan in C:\Users\abishekprabhu.kannan\Downloads\Java_Projects\bookstore-test\bookstore)
2025-Jun-11 21:59:21 [main] INFO  c.h.b.c.AuthenticationControllerTest               - No active profile set, falling back to 1 default profile: "default"
2025-Jun-11 21:59:22 [main] INFO  o.s.d.r.c.RepositoryConfigurationDelegate          - Bootstrapping Spring Data JPA repositories in DEFAULT mode.
2025-Jun-11 21:59:22 [main] INFO  o.s.d.r.c.RepositoryConfigurationDelegate          - Finished Spring Data repository scanning in 321 ms. Found 5 JPA repository interfaces.
2025-Jun-11 21:59:23 [main] INFO  o.h.j.i.u.LogHelper                                - HHH000204: Processing PersistenceUnitInfo [name: default]
2025-Jun-11 21:59:23 [main] INFO  o.h.c.i.RegionFactoryInitiator                     - HHH000026: Second-level cache disabled
2025-Jun-11 21:59:23 [main] INFO  o.s.o.j.p.SpringPersistenceUnitInfo                - No LoadTimeWeaver setup: ignoring JPA class transformer
2025-Jun-11 21:59:23 [main] INFO  c.z.h.HikariDataSource                             - HikariPool-2 - Starting...
2025-Jun-11 21:59:24 [main] INFO  c.z.h.p.HikariPool                                 - HikariPool-2 - Added connection org.postgresql.jdbc.PgConnection@76b48d6
2025-Jun-11 21:59:24 [main] INFO  c.z.h.HikariDataSource                             - HikariPool-2 - Start completed.
2025-Jun-11 21:59:24 [main] INFO  o.h.o.c.pooling                                    - HHH10001005: Database info:
	Database JDBC URL [Connecting through datasource 'HikariDataSource (HikariPool-2)']
	Database driver: undefined/unknown
	Database version: 16.4
	Autocommit mode: undefined/unknown
	Isolation level: undefined/unknown
	Minimum pool size: undefined/unknown
	Maximum pool size: undefined/unknown
2025-Jun-11 21:59:24 [main] INFO  o.h.e.t.j.p.i.JtaPlatformInitiator                 - HHH000489: No JTA platform available (set 'hibernate.transaction.jta.platform' to enable JTA platform integration)
2025-Jun-11 21:59:25 [main] INFO  o.s.o.j.LocalContainerEntityManagerFactoryBean     - Initialized JPA EntityManagerFactory for persistence unit 'default'
2025-Jun-11 21:59:25 [main] DEBUG o.s.c.e.PropertySourcesPropertyResolver            - Found key 'JWT_SECRET_KEY' in PropertySource 'environmentProperties' with value of type String
2025-Jun-11 21:59:25 [main] WARN  o.s.b.a.o.j.JpaBaseConfiguration$JpaWebConfiguration - spring.jpa.open-in-view is enabled by default. Therefore, database queries may be performed during view rendering. Explicitly configure spring.jpa.open-in-view to disable this warning
2025-Jun-11 21:59:26 [main] INFO  o.s.s.c.a.a.c.InitializeAuthenticationProviderBeanManagerConfigurer$InitializeAuthenticationProviderManagerConfigurer - Global AuthenticationManager configured with AuthenticationProvider bean with name authenticationProvider
2025-Jun-11 21:59:26 [main] WARN  o.s.s.c.a.a.c.InitializeUserDetailsBeanManagerConfigurer$InitializeUserDetailsManagerConfigurer - Global AuthenticationManager configured with an AuthenticationProvider bean. UserDetailsService beans will not be used by Spring Security for automatically configuring username/password login. Consider removing the AuthenticationProvider bean. Alternatively, consider using the UserDetailsService in a manually instantiated DaoAuthenticationProvider. If the current configuration is intentional, to turn off this warning, increase the logging level of 'org.springframework.security.config.annotation.authentication.configuration.InitializeUserDetailsBeanManagerConfigurer' to ERROR
2025-Jun-11 21:59:26 [main] INFO  o.s.b.t.m.w.SpringBootMockServletContext           - Initializing Spring TestDispatcherServlet ''
2025-Jun-11 21:59:26 [main] INFO  o.s.t.w.s.TestDispatcherServlet                    - Initializing Servlet ''
2025-Jun-11 21:59:26 [main] INFO  o.s.t.w.s.TestDispatcherServlet                    - Completed initialization in 7 ms
2025-Jun-11 21:59:26 [main] INFO  c.h.b.c.AuthenticationControllerTest               - Started AuthenticationControllerTest in 5.801 seconds (process running for 30.23)
2025-Jun-11 21:59:28 [main] DEBUG o.s.c.e.PropertySourcesPropertyResolver            - Found key 'spring.application.name' in PropertySource 'configurationProperties' with value of type String
2025-Jun-11 21:59:28 [main] INFO  c.h.b.c.AuthorControllerTest                       - Starting AuthorControllerTest using Java 21.0.4 with PID 19116 (started by abishekprabhu.kannan in C:\Users\abishekprabhu.kannan\Downloads\Java_Projects\bookstore-test\bookstore)
2025-Jun-11 21:59:28 [main] INFO  c.h.b.c.AuthorControllerTest                       - No active profile set, falling back to 1 default profile: "default"
2025-Jun-11 21:59:29 [main] WARN  o.s.b.a.s.s.UserDetailsServiceAutoConfiguration    - 

Using generated security password: e7325d71-3fea-4632-b7d8-38fbe660183b

This generated password is for development use only. Your security configuration must be updated before running your application in production.

2025-Jun-11 21:59:29 [main] INFO  o.s.s.c.a.a.c.InitializeUserDetailsBeanManagerConfigurer$InitializeUserDetailsManagerConfigurer - Global AuthenticationManager configured with UserDetailsService bean with name inMemoryUserDetailsManager
2025-Jun-11 21:59:29 [main] INFO  o.s.b.t.m.w.SpringBootMockServletContext           - Initializing Spring TestDispatcherServlet ''
2025-Jun-11 21:59:29 [main] INFO  o.s.t.w.s.TestDispatcherServlet                    - Initializing Servlet ''
2025-Jun-11 21:59:29 [main] INFO  o.s.t.w.s.TestDispatcherServlet                    - Completed initialization in 2 ms
2025-Jun-11 21:59:29 [main] INFO  c.h.b.c.AuthorControllerTest                       - Started AuthorControllerTest in 0.84 seconds (process running for 32.753)
2025-Jun-11 21:59:29 [main] DEBUG o.s.c.e.PropertySourcesPropertyResolver            - Found key 'spring.application.name' in PropertySource 'configurationProperties' with value of type String
2025-Jun-11 21:59:29 [main] INFO  c.h.b.c.BookControllerTest                         - Starting BookControllerTest using Java 21.0.4 with PID 19116 (started by abishekprabhu.kannan in C:\Users\abishekprabhu.kannan\Downloads\Java_Projects\bookstore-test\bookstore)
2025-Jun-11 21:59:29 [main] INFO  c.h.b.c.BookControllerTest                         - No active profile set, falling back to 1 default profile: "default"
2025-Jun-11 21:59:30 [main] WARN  o.s.b.a.s.s.UserDetailsServiceAutoConfiguration    - 

Using generated security password: 06c2b0d8-ca86-4d4d-9227-f5b3ef3eb5c2

This generated password is for development use only. Your security configuration must be updated before running your application in production.

2025-Jun-11 21:59:30 [main] INFO  o.s.s.c.a.a.c.InitializeUserDetailsBeanManagerConfigurer$InitializeUserDetailsManagerConfigurer - Global AuthenticationManager configured with UserDetailsService bean with name inMemoryUserDetailsManager
2025-Jun-11 21:59:30 [main] INFO  o.s.b.t.m.w.SpringBootMockServletContext           - Initializing Spring TestDispatcherServlet ''
2025-Jun-11 21:59:30 [main] INFO  o.s.t.w.s.TestDispatcherServlet                    - Initializing Servlet ''
2025-Jun-11 21:59:30 [main] INFO  o.s.t.w.s.TestDispatcherServlet                    - Completed initialization in 1 ms
2025-Jun-11 21:59:30 [main] INFO  c.h.b.c.BookControllerTest                         - Started BookControllerTest in 0.684 seconds (process running for 33.634)
2025-Jun-11 21:59:30 [main] DEBUG o.s.c.e.PropertySourcesPropertyResolver            - Found key 'spring.application.name' in PropertySource 'configurationProperties' with value of type String
2025-Jun-11 21:59:30 [main] INFO  c.h.b.c.PurchasedBookControllerTest                - Starting PurchasedBookControllerTest using Java 21.0.4 with PID 19116 (started by abishekprabhu.kannan in C:\Users\abishekprabhu.kannan\Downloads\Java_Projects\bookstore-test\bookstore)
2025-Jun-11 21:59:30 [main] INFO  c.h.b.c.PurchasedBookControllerTest                - No active profile set, falling back to 1 default profile: "default"
2025-Jun-11 21:59:31 [main] WARN  o.s.b.a.s.s.UserDetailsServiceAutoConfiguration    - 

Using generated security password: fc7373fd-79ad-4023-8326-f9dec808d7ad

This generated password is for development use only. Your security configuration must be updated before running your application in production.

2025-Jun-11 21:59:31 [main] INFO  o.s.s.c.a.a.c.InitializeUserDetailsBeanManagerConfigurer$InitializeUserDetailsManagerConfigurer - Global AuthenticationManager configured with UserDetailsService bean with name inMemoryUserDetailsManager
2025-Jun-11 21:59:31 [main] INFO  o.s.b.t.m.w.SpringBootMockServletContext           - Initializing Spring TestDispatcherServlet ''
2025-Jun-11 21:59:31 [main] INFO  o.s.t.w.s.TestDispatcherServlet                    - Initializing Servlet ''
2025-Jun-11 21:59:31 [main] INFO  o.s.t.w.s.TestDispatcherServlet                    - Completed initialization in 1 ms
2025-Jun-11 21:59:31 [main] INFO  c.h.b.c.PurchasedBookControllerTest                - Started PurchasedBookControllerTest in 0.603 seconds (process running for 34.598)
2025-Jun-11 21:59:34 [main] INFO  c.h.b.s.a.AuthenticationServiceImpl                - Attempting login for username: AuthenticationRequestDto(username=user, password=pass)
2025-Jun-11 21:59:34 [main] INFO  c.h.b.s.a.AuthenticationServiceImpl                - Login successful for user: userROLE : [ROLE_USER]
2025-Jun-11 21:59:34 [main] INFO  c.h.b.s.a.AuthenticationServiceImpl                - Attempting to register new customer with username: customer
2025-Jun-11 21:59:34 [main] INFO  c.h.b.s.a.AuthenticationServiceImpl                - Customer registered successfully: Customer(name=null, purchasedBooks=null)
2025-Jun-11 21:59:34 [main] INFO  c.h.b.s.a.AuthenticationServiceImpl                - Customer response DTO created: CustomerResponseDto(username=customer, name=null, roles=null)
2025-Jun-11 21:59:34 [main] INFO  c.h.b.s.a.AuthenticationServiceImpl                - Attempting login for username: AuthenticationRequestDto(username=user, password=wrong)
2025-Jun-11 21:59:34 [main] ERROR c.h.b.s.a.AuthenticationServiceImpl                - Authentication failed for user: user
java.lang.RuntimeException: Bad credentials
	at com.hcltech.bookstore.service.authentication.AuthenticationServiceImpl.login(AuthenticationServiceImpl.java:68) ~[classes/:?]
	at com.hcltech.bookstore.service.authentication.AuthenticationServiceImplTest.lambda$testLoginFailure$0(AuthenticationServiceTest.java:138) ~[test-classes/:?]
	at org.junit.jupiter.api.AssertThrows.assertThrows(AssertThrows.java:53) ~[junit-jupiter-api-5.12.2.jar:5.12.2]
	at org.junit.jupiter.api.AssertThrows.assertThrows(AssertThrows.java:35) ~[junit-jupiter-api-5.12.2.jar:5.12.2]
	at org.junit.jupiter.api.Assertions.assertThrows(Assertions.java:3128) ~[junit-jupiter-api-5.12.2.jar:5.12.2]
	at com.hcltech.bookstore.service.authentication.AuthenticationServiceImplTest.testLoginFailure(AuthenticationServiceTest.java:138) ~[test-classes/:?]
	at java.base/jdk.internal.reflect.DirectMethodHandleAccessor.invoke(DirectMethodHandleAccessor.java:103) ~[?:?]
	at java.base/java.lang.reflect.Method.invoke(Method.java:580) ~[?:?]
	at org.junit.platform.commons.util.ReflectionUtils.invokeMethod(ReflectionUtils.java:775) ~[junit-platform-commons-1.12.2.jar:1.12.2]
	at org.junit.platform.commons.support.ReflectionSupport.invokeMethod(ReflectionSupport.java:479) ~[junit-platform-commons-1.12.2.jar:1.12.2]
	at org.junit.jupiter.engine.execution.MethodInvocation.proceed(MethodInvocation.java:60) ~[junit-jupiter-engine-5.12.2.jar:5.12.2]
	at org.junit.jupiter.engine.execution.InvocationInterceptorChain$ValidatingInvocation.proceed(InvocationInterceptorChain.java:131) ~[junit-jupiter-engine-5.12.2.jar:5.12.2]
	at org.junit.jupiter.engine.extension.TimeoutExtension.intercept(TimeoutExtension.java:161) ~[junit-jupiter-engine-5.12.2.jar:5.12.2]
	at org.junit.jupiter.engine.extension.TimeoutExtension.interceptTestableMethod(TimeoutExtension.java:152) ~[junit-jupiter-engine-5.12.2.jar:5.12.2]
	at org.junit.jupiter.engine.extension.TimeoutExtension.interceptTestMethod(TimeoutExtension.java:91) ~[junit-jupiter-engine-5.12.2.jar:5.12.2]
	at org.junit.jupiter.engine.execution.InterceptingExecutableInvoker$ReflectiveInterceptorCall.lambda$ofVoidMethod$0(InterceptingExecutableInvoker.java:112) ~[junit-jupiter-engine-5.12.2.jar:5.12.2]
	at org.junit.jupiter.engine.execution.InterceptingExecutableInvoker.lambda$invoke$0(InterceptingExecutableInvoker.java:94) ~[junit-jupiter-engine-5.12.2.jar:5.12.2]
	at org.junit.jupiter.engine.execution.InvocationInterceptorChain$InterceptedInvocation.proceed(InvocationInterceptorChain.java:106) ~[junit-jupiter-engine-5.12.2.jar:5.12.2]
	at org.junit.jupiter.engine.execution.InvocationInterceptorChain.proceed(InvocationInterceptorChain.java:64) ~[junit-jupiter-engine-5.12.2.jar:5.12.2]
	at org.junit.jupiter.engine.execution.InvocationInterceptorChain.chainAndInvoke(InvocationInterceptorChain.java:45) ~[junit-jupiter-engine-5.12.2.jar:5.12.2]
	at org.junit.jupiter.engine.execution.InvocationInterceptorChain.invoke(InvocationInterceptorChain.java:37) ~[junit-jupiter-engine-5.12.2.jar:5.12.2]
	at org.junit.jupiter.engine.execution.InterceptingExecutableInvoker.invoke(InterceptingExecutableInvoker.java:93) ~[junit-jupiter-engine-5.12.2.jar:5.12.2]
	at org.junit.jupiter.engine.execution.InterceptingExecutableInvoker.invoke(InterceptingExecutableInvoker.java:87) ~[junit-jupiter-engine-5.12.2.jar:5.12.2]
	at org.junit.jupiter.engine.descriptor.TestMethodTestDescriptor.lambda$invokeTestMethod$7(TestMethodTestDescriptor.java:216) ~[junit-jupiter-engine-5.12.2.jar:5.12.2]
	at org.junit.platform.engine.support.hierarchical.ThrowableCollector.execute(ThrowableCollector.java:73) ~[junit-platform-engine-1.12.2.jar:1.12.2]
	at org.junit.jupiter.engine.descriptor.TestMethodTestDescriptor.invokeTestMethod(TestMethodTestDescriptor.java:212) ~[junit-jupiter-engine-5.12.2.jar:5.12.2]
	at org.junit.jupiter.engine.descriptor.TestMethodTestDescriptor.execute(TestMethodTestDescriptor.java:137) ~[junit-jupiter-engine-5.12.2.jar:5.12.2]
	at org.junit.jupiter.engine.descriptor.TestMethodTestDescriptor.execute(TestMethodTestDescriptor.java:69) ~[junit-jupiter-engine-5.12.2.jar:5.12.2]
	at org.junit.platform.engine.support.hierarchical.NodeTestTask.lambda$executeRecursively$6(NodeTestTask.java:156) ~[junit-platform-engine-1.12.2.jar:1.12.2]
	at org.junit.platform.engine.support.hierarchical.ThrowableCollector.execute(ThrowableCollector.java:73) ~[junit-platform-engine-1.12.2.jar:1.12.2]
	at org.junit.platform.engine.support.hierarchical.NodeTestTask.lambda$executeRecursively$8(NodeTestTask.java:146) ~[junit-platform-engine-1.12.2.jar:1.12.2]
	at org.junit.platform.engine.support.hierarchical.Node.around(Node.java:137) ~[junit-platform-engine-1.12.2.jar:1.12.2]
	at org.junit.platform.engine.support.hierarchical.NodeTestTask.lambda$executeRecursively$9(NodeTestTask.java:144) ~[junit-platform-engine-1.12.2.jar:1.12.2]
	at org.junit.platform.engine.support.hierarchical.ThrowableCollector.execute(ThrowableCollector.java:73) ~[junit-platform-engine-1.12.2.jar:1.12.2]
	at org.junit.platform.engine.support.hierarchical.NodeTestTask.executeRecursively(NodeTestTask.java:143) ~[junit-platform-engine-1.12.2.jar:1.12.2]
	at org.junit.platform.engine.support.hierarchical.NodeTestTask.execute(NodeTestTask.java:100) ~[junit-platform-engine-1.12.2.jar:1.12.2]
	at java.base/java.util.ArrayList.forEach(ArrayList.java:1596) ~[?:?]
	at org.junit.platform.engine.support.hierarchical.SameThreadHierarchicalTestExecutorService.invokeAll(SameThreadHierarchicalTestExecutorService.java:41) ~[junit-platform-engine-1.12.2.jar:1.12.2]
	at org.junit.platform.engine.support.hierarchical.NodeTestTask.lambda$executeRecursively$6(NodeTestTask.java:160) ~[junit-platform-engine-1.12.2.jar:1.12.2]
	at org.junit.platform.engine.support.hierarchical.ThrowableCollector.execute(ThrowableCollector.java:73) ~[junit-platform-engine-1.12.2.jar:1.12.2]
	at org.junit.platform.engine.support.hierarchical.NodeTestTask.lambda$executeRecursively$8(NodeTestTask.java:146) ~[junit-platform-engine-1.12.2.jar:1.12.2]
	at org.junit.platform.engine.support.hierarchical.Node.around(Node.java:137) ~[junit-platform-engine-1.12.2.jar:1.12.2]
	at org.junit.platform.engine.support.hierarchical.NodeTestTask.lambda$executeRecursively$9(NodeTestTask.java:144) ~[junit-platform-engine-1.12.2.jar:1.12.2]
	at org.junit.platform.engine.support.hierarchical.ThrowableCollector.execute(ThrowableCollector.java:73) ~[junit-platform-engine-1.12.2.jar:1.12.2]
	at org.junit.platform.engine.support.hierarchical.NodeTestTask.executeRecursively(NodeTestTask.java:143) ~[junit-platform-engine-1.12.2.jar:1.12.2]
	at org.junit.platform.engine.support.hierarchical.NodeTestTask.execute(NodeTestTask.java:100) ~[junit-platform-engine-1.12.2.jar:1.12.2]
	at java.base/java.util.ArrayList.forEach(ArrayList.java:1596) ~[?:?]
	at org.junit.platform.engine.support.hierarchical.SameThreadHierarchicalTestExecutorService.invokeAll(SameThreadHierarchicalTestExecutorService.java:41) ~[junit-platform-engine-1.12.2.jar:1.12.2]
	at org.junit.platform.engine.support.hierarchical.NodeTestTask.lambda$executeRecursively$6(NodeTestTask.java:160) ~[junit-platform-engine-1.12.2.jar:1.12.2]
	at org.junit.platform.engine.support.hierarchical.ThrowableCollector.execute(ThrowableCollector.java:73) ~[junit-platform-engine-1.12.2.jar:1.12.2]
	at org.junit.platform.engine.support.hierarchical.NodeTestTask.lambda$executeRecursively$8(NodeTestTask.java:146) ~[junit-platform-engine-1.12.2.jar:1.12.2]
	at org.junit.platform.engine.support.hierarchical.Node.around(Node.java:137) ~[junit-platform-engine-1.12.2.jar:1.12.2]
	at org.junit.platform.engine.support.hierarchical.NodeTestTask.lambda$executeRecursively$9(NodeTestTask.java:144) ~[junit-platform-engine-1.12.2.jar:1.12.2]
	at org.junit.platform.engine.support.hierarchical.ThrowableCollector.execute(ThrowableCollector.java:73) ~[junit-platform-engine-1.12.2.jar:1.12.2]
	at org.junit.platform.engine.support.hierarchical.NodeTestTask.executeRecursively(NodeTestTask.java:143) ~[junit-platform-engine-1.12.2.jar:1.12.2]
	at org.junit.platform.engine.support.hierarchical.NodeTestTask.execute(NodeTestTask.java:100) ~[junit-platform-engine-1.12.2.jar:1.12.2]
	at org.junit.platform.engine.support.hierarchical.SameThreadHierarchicalTestExecutorService.submit(SameThreadHierarchicalTestExecutorService.java:35) ~[junit-platform-engine-1.12.2.jar:1.12.2]
	at org.junit.platform.engine.support.hierarchical.HierarchicalTestExecutor.execute(HierarchicalTestExecutor.java:57) ~[junit-platform-engine-1.12.2.jar:1.12.2]
	at org.junit.platform.engine.support.hierarchical.HierarchicalTestEngine.execute(HierarchicalTestEngine.java:54) ~[junit-platform-engine-1.12.2.jar:1.12.2]
	at org.junit.platform.launcher.core.EngineExecutionOrchestrator.execute(EngineExecutionOrchestrator.java:201) ~[junit-platform-launcher-1.12.2.jar:1.12.2]
	at org.junit.platform.launcher.core.EngineExecutionOrchestrator.execute(EngineExecutionOrchestrator.java:170) ~[junit-platform-launcher-1.12.2.jar:1.12.2]
	at org.junit.platform.launcher.core.EngineExecutionOrchestrator.execute(EngineExecutionOrchestrator.java:94) ~[junit-platform-launcher-1.12.2.jar:1.12.2]
	at org.junit.platform.launcher.core.EngineExecutionOrchestrator.lambda$execute$0(EngineExecutionOrchestrator.java:59) ~[junit-platform-launcher-1.12.2.jar:1.12.2]
	at org.junit.platform.launcher.core.EngineExecutionOrchestrator.withInterceptedStreams(EngineExecutionOrchestrator.java:142) ~[junit-platform-launcher-1.12.2.jar:1.12.2]
	at org.junit.platform.launcher.core.EngineExecutionOrchestrator.execute(EngineExecutionOrchestrator.java:58) ~[junit-platform-launcher-1.12.2.jar:1.12.2]
	at org.junit.platform.launcher.core.DefaultLauncher.execute(DefaultLauncher.java:103) ~[junit-platform-launcher-1.12.2.jar:1.12.2]
	at org.junit.platform.launcher.core.DefaultLauncher.execute(DefaultLauncher.java:85) ~[junit-platform-launcher-1.12.2.jar:1.12.2]
	at org.junit.platform.launcher.core.DelegatingLauncher.execute(DelegatingLauncher.java:47) ~[junit-platform-launcher-1.12.2.jar:1.12.2]
	at org.junit.platform.launcher.core.InterceptingLauncher.lambda$execute$1(InterceptingLauncher.java:39) ~[junit-platform-launcher-1.12.2.jar:1.12.2]
	at org.junit.platform.launcher.core.ClasspathAlignmentCheckingLauncherInterceptor.intercept(ClasspathAlignmentCheckingLauncherInterceptor.java:25) [junit-platform-launcher-1.12.2.jar:1.12.2]
	at org.junit.platform.launcher.core.InterceptingLauncher.execute(InterceptingLauncher.java:38) [junit-platform-launcher-1.12.2.jar:1.12.2]
	at org.junit.platform.launcher.core.DelegatingLauncher.execute(DelegatingLauncher.java:47) [junit-platform-launcher-1.12.2.jar:1.12.2]
	at org.apache.maven.surefire.junitplatform.LazyLauncher.execute(LazyLauncher.java:56) [surefire-junit-platform-3.1.2.jar:3.1.2]
	at org.apache.maven.surefire.junitplatform.JUnitPlatformProvider.execute(JUnitPlatformProvider.java:184) [surefire-junit-platform-3.1.2.jar:3.1.2]
	at org.apache.maven.surefire.junitplatform.JUnitPlatformProvider.invokeAllTests(JUnitPlatformProvider.java:148) [surefire-junit-platform-3.1.2.jar:3.1.2]
	at org.apache.maven.surefire.junitplatform.JUnitPlatformProvider.invoke(JUnitPlatformProvider.java:122) [surefire-junit-platform-3.1.2.jar:3.1.2]
	at org.apache.maven.surefire.booter.ForkedBooter.runSuitesInProcess(ForkedBooter.java:385) [surefire-booter-3.1.2.jar:3.1.2]
	at org.apache.maven.surefire.booter.ForkedBooter.execute(ForkedBooter.java:162) [surefire-booter-3.1.2.jar:3.1.2]
	at org.apache.maven.surefire.booter.ForkedBooter.run(ForkedBooter.java:507) [surefire-booter-3.1.2.jar:3.1.2]
	at org.apache.maven.surefire.booter.ForkedBooter.main(ForkedBooter.java:495) [surefire-booter-3.1.2.jar:3.1.2]
2025-Jun-11 21:59:34 [main] INFO  c.h.b.s.a.AuthenticationServiceImpl                - Attempting to register new author with username: author
2025-Jun-11 21:59:34 [main] INFO  c.h.b.s.a.AuthenticationServiceImpl                - Author registered successfully: author
2025-Jun-11 21:59:35 [main] INFO  c.h.b.s.b.BookServiceImpl                          - Fetching book with ID: 1
2025-Jun-11 21:59:35 [main] INFO  c.h.b.s.b.BookServiceImpl                          - Fetching all books
2025-Jun-11 21:59:35 [main] INFO  c.h.b.s.b.BookServiceImpl                          - Creating new book with title: Sample Book
2025-Jun-11 21:59:35 [main] INFO  c.h.b.s.b.BookServiceImpl                          - Assigning author with ID: 1 to the book
2025-Jun-11 21:59:35 [main] INFO  c.h.b.s.b.BookServiceImpl                          - Book created successfully with ID: 1
2025-Jun-11 21:59:35 [main] INFO  c.h.b.s.b.BookServiceImpl                          - Fetching book with ID: 99
2025-Jun-11 21:59:35 [main] ERROR c.h.b.s.b.BookServiceImpl                          - Book not found with ID: 99
2025-Jun-11 21:59:36 [SpringApplicationShutdownHook] INFO  o.s.o.j.LocalContainerEntityManagerFactoryBean     - Closing JPA EntityManagerFactory for persistence unit 'default'
2025-Jun-11 21:59:38 [SpringApplicationShutdownHook] INFO  c.z.h.HikariDataSource                             - HikariPool-1 - Shutdown initiated...
2025-Jun-11 21:59:38 [SpringApplicationShutdownHook] INFO  c.z.h.HikariDataSource                             - HikariPool-1 - Shutdown completed.
2025-Jun-11 21:59:38 [SpringApplicationShutdownHook] INFO  o.s.o.j.LocalContainerEntityManagerFactoryBean     - Closing JPA EntityManagerFactory for persistence unit 'default'
2025-Jun-11 21:59:38 [SpringApplicationShutdownHook] INFO  c.z.h.HikariDataSource                             - HikariPool-2 - Shutdown initiated...
2025-Jun-11 21:59:38 [SpringApplicationShutdownHook] INFO  c.z.h.HikariDataSource                             - HikariPool-2 - Shutdown completed.
